query_protein,threshold,threshold_value,num_similar_proteins,max_similarity,similar_proteins
P05177,high,70.0,4,100.0,"P05177 (100.0%), P04799 (75.1%), P04798 (73.2%), P00186 (72.8%)"
P05177,medium,50.0,5,100.0,"P05177 (100.0%), P04799 (75.1%), P04798 (73.2%), P00186 (72.8%), P00185 (68.2%)"
P05177,low,30.0,35,100.0,"P05177 (100.0%), P04799 (75.1%), P04798 (73.2%), P00186 (72.8%), P00185 (68.2%), Q16647 (40.0%), Q16678 (39.7%), B4URE7 (34.9%), P10635 (32.3%), P27008 (32.3%), P11103 (32.3%), P21730 (32.3%), P10634 (32.0%), P12938 (32.0%), P11715 (31.8%), P09874 (31.7%), P18493 (31.7%), Q64680 (31.5%), Q16647 (31.5%), Q7Z449 (31.4%), P10633 (31.3%), O35084 (31.2%), P08683 (31.0%), P24470 (30.8%), Q02318 (30.7%), Q9UNU6 (30.7%), P00176 (30.6%), Q16696 (30.6%), P05181 (30.5%), O15528 (30.5%), P00178 (30.3%), P05093 (30.3%), Q96SQ9 (30.3%), P24903 (30.3%), P11712 (30.1%)"
P20813,high,70.0,4,100.0,"P20813 (100.0%), P00178 (78.0%), P24460 (77.4%), P00176 (76.1%)"
P20813,medium,50.0,10,100.0,"P20813 (100.0%), P00178 (78.0%), P24460 (77.4%), P00176 (76.1%), Q16696 (53.7%), P20852 (52.6%), P08683 (52.2%), P20853 (52.0%), P11509 (51.3%), P10632 (50.4%)"
P20813,low,30.0,39,100.0,"P20813 (100.0%), P00178 (78.0%), P24460 (77.4%), P00176 (76.1%), Q16696 (53.7%), P20852 (52.6%), P08683 (52.2%), P20853 (52.0%), P11509 (51.3%), P10632 (50.4%), P24903 (49.5%), P11712 (48.8%), P33261 (48.4%), P33260 (48.4%), Q96SQ9 (48.2%), P24470 (47.4%), P05178 (47.1%), P05181 (46.5%), P05182 (45.5%), P15149 (45.3%), P51589 (44.3%), Q64680 (41.8%), Q16647 (41.5%), P10635 (41.3%), P10634 (40.9%), P12938 (40.4%), P10633 (40.0%), Q8TAV3 (38.2%), Q7Z449 (38.1%), P48281 (37.8%), Q6VVX0 (36.4%), O43174 (35.9%), P53816 (35.5%), Q16678 (33.5%), Q9NWW9 (32.8%), P04798 (31.8%), P00185 (31.0%), P11715 (30.9%), O35084 (30.0%)"
P11712,high,70.0,6,100.0,"P11712 (100.0%), P33261 (91.5%), P33260 (81.8%), P10632 (78.0%), P08683 (76.2%), P05178 (75.3%)"
P11712,medium,50.0,15,100.0,"P11712 (100.0%), P33261 (91.5%), P33260 (81.8%), P10632 (78.0%), P08683 (76.2%), P05178 (75.3%), P24470 (62.0%), P05181 (57.7%), P05182 (57.0%), P00176 (51.7%), P24460 (51.1%), P20852 (50.9%), P00178 (50.9%), Q16696 (50.2%), P24903 (50.1%)"
P11712,low,30.0,37,100.0,"P11712 (100.0%), P33261 (91.5%), P33260 (81.8%), P10632 (78.0%), P08683 (76.2%), P05178 (75.3%), P24470 (62.0%), P05181 (57.7%), P05182 (57.0%), P00176 (51.7%), P24460 (51.1%), P20852 (50.9%), P00178 (50.9%), Q16696 (50.2%), P24903 (50.1%), P11509 (49.6%), P20813 (48.8%), P20853 (48.7%), P15149 (45.2%), Q96SQ9 (43.6%), P12938 (42.4%), P10634 (41.7%), P10635 (41.2%), P10633 (40.8%), Q64680 (40.0%), P51589 (40.0%), Q7Z449 (38.3%), Q8TAV3 (37.3%), Q6VVX0 (37.2%), P05113 (35.4%), Q16678 (32.7%), P04799 (32.3%), Q9UNU6 (31.7%), P00185 (31.5%), P00186 (31.1%), P04798 (30.9%), P05093 (30.2%)"
P33261,high,70.0,6,100.0,"P33261 (100.0%), P11712 (91.7%), P33260 (80.8%), P10632 (78.2%), P05178 (75.1%), P08683 (74.7%)"
P33261,medium,50.0,17,100.0,"P33261 (100.0%), P11712 (91.7%), P33260 (80.8%), P10632 (78.2%), P05178 (75.1%), P08683 (74.7%), P24470 (62.7%), P05181 (57.7%), P05182 (57.4%), P20852 (52.7%), P00176 (52.0%), P24460 (51.9%), Q16696 (51.9%), P00178 (51.7%), P24903 (51.6%), P11509 (51.5%), P20853 (50.0%)"
P33261,low,30.0,40,100.0,"P33261 (100.0%), P11712 (91.7%), P33260 (80.8%), P10632 (78.2%), P05178 (75.1%), P08683 (74.7%), P24470 (62.7%), P05181 (57.7%), P05182 (57.4%), P20852 (52.7%), P00176 (52.0%), P24460 (51.9%), Q16696 (51.9%), P00178 (51.7%), P24903 (51.6%), P11509 (51.5%), P20853 (50.0%), P20813 (48.6%), P15149 (46.1%), Q96SQ9 (44.4%), P12938 (42.2%), P10634 (41.5%), Q64680 (40.8%), P51589 (40.5%), P10633 (40.2%), P10635 (40.1%), E9Q6R7 (40.0%), Q8TAV3 (37.8%), Q7Z449 (37.7%), Q6VVX0 (37.3%), P46939 (36.0%), O00220 (34.8%), Q16647 (32.8%), Q16678 (32.2%), O15528 (31.9%), Q9UNU6 (31.7%), P04799 (31.4%), P04798 (31.2%), Q02318 (31.2%), P08686 (30.2%)"
P10635,high,70.0,5,100.0,"P10635 (100.0%), Q64680 (77.4%), P12938 (72.6%), P10633 (71.8%), P10634 (71.4%)"
P10635,medium,50.0,6,100.0,"P10635 (100.0%), Q64680 (77.4%), P12938 (72.6%), P10633 (71.8%), P10634 (71.4%), P46939 (52.6%)"
P10635,low,30.0,52,100.0,"P10635 (100.0%), Q64680 (77.4%), P12938 (72.6%), P10633 (71.8%), P10634 (71.4%), P46939 (52.6%), P00178 (44.8%), P24460 (43.6%), P51589 (42.9%), P00176 (42.8%), Q8TAV3 (42.6%), P10632 (41.5%), Q6VVX0 (41.1%), P08683 (40.9%), P20813 (40.9%), Q7Z449 (40.7%), P33261 (40.5%), P24903 (40.5%), P05178 (40.4%), P11712 (40.3%), P24470 (40.2%), P05181 (40.2%), P33260 (39.8%), P20852 (39.4%), Q16696 (38.5%), Q96SQ9 (37.9%), P05182 (37.5%), P15149 (36.7%), P11509 (36.6%), P20853 (36.1%), Q02763 (35.7%), P19438 (35.3%), O35084 (34.7%), Q16678 (34.2%), O15528 (33.5%), P10611 (33.1%), Q02318 (32.5%), Q02928 (32.2%), A0A2P2HJL8 (32.2%), P05177 (32.0%), P49430 (31.9%), P04798 (31.9%), P00185 (31.8%), Q9NR63 (31.7%), Q02858 (31.7%), P24557 (31.5%), P11715 (31.5%), P08686 (31.1%), Q5TCH4 (31.1%), Q9HCS2 (30.7%), P00186 (30.6%), P04799 (30.1%)"
P08684,high,70.0,7,100.0,"P08684 (100.0%), P24462 (88.5%), P20815 (84.3%), Q9HB55 (75.9%), P11707 (75.9%), P04800 (73.4%), P05183 (72.0%)"
P08684,medium,50.0,7,100.0,"P08684 (100.0%), P24462 (88.5%), P20815 (84.3%), Q9HB55 (75.9%), P11707 (75.9%), P04800 (73.4%), P05183 (72.0%)"
P08684,low,30.0,20,100.0,"P08684 (100.0%), P24462 (88.5%), P20815 (84.3%), Q9HB55 (75.9%), P11707 (75.9%), P04800 (73.4%), P05183 (72.0%), P24557 (35.9%), P05108 (34.9%), P49430 (34.4%), O15528 (34.3%), O35084 (33.7%), P11715 (32.8%), P14137 (32.6%), Q8TAF3 (32.4%), P10635 (31.9%), P19099 (31.9%), P15538 (31.8%), Q6VVX0 (30.8%), A4IFJ5 (30.0%)"
Q06278,high,70.0,5,100.0,"Q06278 (100.0%), Q5FB27 (95.6%), P80456 (84.0%), Q9Z0U5 (83.0%), O54754 (82.8%)"
Q06278,medium,50.0,6,100.0,"Q06278 (100.0%), Q5FB27 (95.6%), P80456 (84.0%), Q9Z0U5 (83.0%), O54754 (82.8%), P80457 (50.0%)"
Q06278,low,30.0,10,100.0,"Q06278 (100.0%), Q5FB27 (95.6%), P80456 (84.0%), Q9Z0U5 (83.0%), O54754 (82.8%), P80457 (50.0%), P47989 (49.7%), P22985 (49.7%), P00748 (42.4%), Q6DE08 (36.7%)"
P47989,high,70.0,3,100.0,"P47989 (100.0%), P22985 (90.3%), P80457 (89.6%)"
P47989,medium,50.0,4,100.0,"P47989 (100.0%), P22985 (90.3%), P80457 (89.6%), Q5FB27 (50.7%)"
P47989,low,30.0,13,100.0,"P47989 (100.0%), P22985 (90.3%), P80457 (89.6%), Q5FB27 (50.7%), Q06278 (49.7%), Q9Z0U5 (49.7%), P80456 (49.4%), O54754 (49.3%), P16054 (38.5%), P09216 (38.5%), Q02156 (38.5%), Q15256 (33.3%), Q99519 (30.3%)"
P21397,high,70.0,8,100.0,"P21397 (100.0%), Q64133 (88.1%), P21398 (88.0%), P21396 (87.4%), P56560 (73.1%), P27338 (72.9%), Q8BW75 (72.9%), P19643 (72.0%)"
P21397,medium,50.0,9,100.0,"P21397 (100.0%), Q64133 (88.1%), P21398 (88.0%), P21396 (87.4%), P56560 (73.1%), P27338 (72.9%), Q8BW75 (72.9%), P19643 (72.0%), Q6NSN2 (68.7%)"
P21397,low,30.0,27,100.0,"P21397 (100.0%), Q64133 (88.1%), P21398 (88.0%), P21396 (87.4%), P56560 (73.1%), P27338 (72.9%), Q8BW75 (72.9%), P19643 (72.0%), Q6NSN2 (68.7%), F1KRD8 (48.6%), Q9Z0J5 (46.7%), P55826 (45.5%), Q9SPL6 (44.0%), P9WHH1 (43.8%), P61076 (43.3%), P9WIQ1 (42.9%), C4LW95 (41.9%), O24163 (40.0%), Q9FYV8 (39.7%), O15229 (38.5%), Q8NUQ6 (34.9%), Q2FDU6 (34.9%), Q99R76 (34.9%), O07855 (34.9%), P26294 (34.0%), P32397 (33.7%), O60341 (30.3%)"
P27338,high,70.0,8,100.0,"P27338 (100.0%), P56560 (91.5%), Q8BW75 (89.0%), P19643 (88.8%), P21396 (73.2%), P21397 (73.2%), Q64133 (73.0%), P21398 (72.6%)"
P27338,medium,50.0,11,100.0,"P27338 (100.0%), P56560 (91.5%), Q8BW75 (89.0%), P19643 (88.8%), P21396 (73.2%), P21397 (73.2%), Q64133 (73.0%), P21398 (72.6%), Q6NSN2 (69.7%), Q9SPL6 (51.1%), P55826 (50.0%)"
P27338,low,30.0,32,100.0,"P27338 (100.0%), P56560 (91.5%), Q8BW75 (89.0%), P19643 (88.8%), P21396 (73.2%), P21397 (73.2%), Q64133 (73.0%), P21398 (72.6%), Q6NSN2 (69.7%), Q9SPL6 (51.1%), P55826 (50.0%), O24163 (46.3%), Q9FYV8 (43.8%), F1KRD8 (43.2%), Q14534 (42.9%), P00438 (41.5%), O64411 (41.1%), O60341 (39.4%), Q96RQ9 (38.5%), Q9M629 (37.2%), Q9AR38 (37.2%), P9WIQ1 (34.8%), Q9SMJ3 (33.3%), P52020 (33.0%), Q8NUQ6 (32.7%), Q2FDU6 (32.7%), Q99R76 (32.7%), O07855 (32.7%), O24164 (31.4%), P50336 (31.2%), P38169 (30.4%), P32397 (30.0%)"
P00352,high,70.0,7,100.0,"P00352 (100.0%), P51647 (86.4%), P27463 (84.2%), P13601 (82.8%), O94788 (73.2%), O93344 (71.8%), P47895 (70.9%)"
P00352,medium,50.0,10,100.0,"P00352 (100.0%), P51647 (86.4%), P27463 (84.2%), P13601 (82.8%), O94788 (73.2%), O93344 (71.8%), P47895 (70.9%), P05091 (68.1%), P11884 (67.9%), P30837 (64.7%)"
P00352,low,30.0,13,100.0,"P00352 (100.0%), P51647 (86.4%), P27463 (84.2%), P13601 (82.8%), O94788 (73.2%), O93344 (71.8%), P47895 (70.9%), P05091 (68.1%), P11884 (67.9%), P30837 (64.7%), P22281 (40.7%), A5K1N1 (34.9%), Q8A5Y1 (34.2%)"
P07327,high,70.0,4,100.0,"P07327 (100.0%), P00325 (93.6%), P00327 (87.5%), P00328 (87.2%)"
P07327,medium,50.0,8,100.0,"P07327 (100.0%), P00325 (93.6%), P00327 (87.5%), P00328 (87.2%), P12711 (64.1%), P11766 (63.8%), P28474 (63.0%), O35904 (50.0%)"
P07327,low,30.0,11,100.0,"P07327 (100.0%), P00325 (93.6%), P00327 (87.5%), P00328 (87.2%), P12711 (64.1%), P11766 (63.8%), P28474 (63.0%), O35904 (50.0%), P47199 (33.3%), P46154 (32.7%), P40881 (30.5%)"
P28845,high,70.0,5,100.0,"P28845 (100.0%), Q56D22 (100.0%), Q5XX84 (82.5%), P50172 (78.7%), P16232 (76.7%)"
P28845,medium,50.0,5,100.0,"P28845 (100.0%), Q56D22 (100.0%), Q5XX84 (82.5%), P50172 (78.7%), P16232 (76.7%)"
P28845,low,30.0,16,100.0,"P28845 (100.0%), Q56D22 (100.0%), Q5XX84 (82.5%), P50172 (78.7%), P16232 (76.7%), P13995 (48.1%), Q91WR5 (40.9%), Q9BPX1 (37.0%), P54616 (35.3%), Q16819 (35.0%), P51658 (32.5%), P51661 (32.3%), P50233 (31.8%), P36888 (31.2%), Q965D6 (30.0%), Q62730 (30.0%)"
O95154,high,70.0,0,0.0,
O95154,medium,50.0,0,0.0,
O95154,low,30.0,4,32.41379310344827,"Q04828 (32.4%), P52895 (32.4%), P17516 (31.7%), P42330 (30.3%)"
Q01740,high,70.0,0,0.0,
Q01740,medium,50.0,3,62.5,"O95259 (62.5%), O24164 (51.2%), P26294 (50.0%)"
Q01740,low,30.0,23,62.5,"O95259 (62.5%), O24164 (51.2%), P26294 (50.0%), Q9FYV8 (48.8%), P52332 (45.5%), Q8NUQ6 (41.7%), Q2FDU6 (41.7%), Q99R76 (41.7%), O07855 (41.7%), O60341 (41.7%), Q96RQ9 (40.5%), Q8BW75 (40.0%), P19643 (40.0%), O35078 (38.5%), P18894 (38.5%), P21397 (37.1%), Q64133 (37.1%), Q6NSN2 (36.8%), P00371 (34.6%), Q84HF5 (34.3%), Q48485 (34.2%), P14900 (32.1%), Q9SMJ3 (30.8%)"
P35869,high,70.0,4,100.0,"P35869 (100.0%), O02747 (78.5%), P41738 (71.1%), P30561 (70.6%)"
P35869,medium,50.0,5,100.0,"P35869 (100.0%), O02747 (78.5%), P41738 (71.1%), P30561 (70.6%), Q9YGV3 (51.5%)"
P35869,low,30.0,9,100.0,"P35869 (100.0%), O02747 (78.5%), P41738 (71.1%), P30561 (70.6%), Q9YGV3 (51.5%), Q8TCD5 (40.5%), P35428 (30.6%), Q14469 (30.6%), O95602 (30.1%)"
Q14994,high,70.0,2,100.0,"Q14994 (100.0%), O35627 (73.7%)"
Q14994,medium,50.0,6,100.0,"Q14994 (100.0%), O35627 (73.7%), P08235 (51.9%), Q8MYA6 (51.6%), O00482 (50.6%), Q8MWR2 (50.0%)"
Q14994,low,30.0,61,100.0,"Q14994 (100.0%), O35627 (73.7%), P08235 (51.9%), Q8MYA6 (51.6%), O00482 (50.6%), Q8MWR2 (50.0%), P08235 (49.3%), Q6RVD3 (49.0%), P49116 (47.9%), Q9Y5X4 (47.2%), P49885 (46.2%), Q13285 (45.0%), I3VR33 (44.8%), P51450 (44.0%), P51449 (44.0%), P49881 (43.7%), P20153 (42.7%), Q9R1A7 (42.1%), O54915 (41.9%), O75469 (41.7%), P45446 (41.1%), P35398 (40.4%), P51448 (40.4%), Q92753 (39.4%), Q9PTN2 (37.2%), P20393 (36.6%), P48281 (36.1%), A3RGC1 (36.0%), Q28037 (36.0%), O42392 (35.7%), P11473 (35.5%), P13053 (34.2%), P14598 (34.0%), P45974 (34.0%), P18113 (33.3%), P10828 (33.1%), Q60641 (32.6%), Q96RI1 (32.5%), Q13133 (32.4%), P10827 (32.2%), Q9Z0Y9 (32.1%), Q8MWR1 (31.9%), P03373 (31.7%), Q14995 (31.5%), P06186 (31.5%), Q4W6D0 (31.1%), P41235 (30.6%), O18531 (30.5%), Q60644 (30.4%), P20393 (30.4%), Q63449 (30.3%), P06401 (30.3%), P55055 (30.3%), P04058 (30.3%), Q62755 (30.2%), D3ZWV0 (30.2%), P11416 (30.1%), Q8I1M8 (30.1%), B8RG26 (30.0%), P22449 (30.0%), P11474 (30.0%)"
O75469,high,70.0,3,100.0,"O75469 (100.0%), O54915 (77.2%), Q9R1A7 (76.7%)"
O75469,medium,50.0,14,100.0,"O75469 (100.0%), O54915 (77.2%), Q9R1A7 (76.7%), O15068 (60.0%), Q4W6D0 (53.3%), P35398 (52.8%), P51448 (52.8%), P45446 (52.8%), Q92753 (52.8%), P13631 (52.0%), P18911 (52.0%), Q96RI1 (50.6%), P51450 (50.0%), Q10283 (50.0%)"
O75469,low,30.0,68,100.0,"O75469 (100.0%), O54915 (77.2%), Q9R1A7 (76.7%), O15068 (60.0%), Q4W6D0 (53.3%), P35398 (52.8%), P51448 (52.8%), P45446 (52.8%), Q92753 (52.8%), P13631 (52.0%), P18911 (52.0%), Q96RI1 (50.6%), P51450 (50.0%), Q10283 (50.0%), Q9TU15 (49.3%), O08537 (49.3%), Q62986 (49.3%), Q92731 (49.3%), Q8MWR2 (48.9%), P24468 (48.6%), P11474 (48.1%), P22199 (47.1%), P08235 (47.1%), Q63449 (46.4%), P49885 (45.8%), P06536 (45.2%), Q92570 (43.6%), Q15406 (43.6%), P15207 (43.5%), P10275 (43.5%), P19091 (43.5%), Q962I5 (42.9%), O00482 (42.5%), P11473 (42.2%), P49743 (42.1%), P28704 (42.1%), P13053 (42.0%), A3RGC1 (42.0%), Q14994 (41.7%), P48281 (41.5%), P49116 (41.5%), P20393 (41.4%), Q28037 (41.4%), P28702 (41.3%), O42392 (40.8%), Q9PTN2 (40.1%), P10589 (39.8%), Q9Y5X4 (39.8%), P20153 (39.8%), O35627 (39.3%), E5L6Y0 (39.0%), P28705 (38.3%), P48443 (38.3%), Q13285 (37.8%), Q14995 (36.8%), P22449 (36.7%), P20393 (36.1%), Q4W6C8 (33.3%), Q96RI1 (31.8%), P49880 (30.6%), Q9Z0Y9 (30.4%), Q14995 (30.2%), P10826 (30.1%), P22605 (30.1%), P10276 (30.1%), A6HIV9 (30.1%), P11416 (30.1%), P56221 (30.0%)"
P50225,high,70.0,2,100.0,"P50225 (100.0%), P17988 (79.5%)"
P50225,medium,50.0,6,100.0,"P50225 (100.0%), P17988 (79.5%), Q95MF8 (52.8%), P19217 (52.0%), P49888 (51.8%), P49891 (51.1%)"
P50225,low,30.0,10,100.0,"P50225 (100.0%), P17988 (79.5%), Q95MF8 (52.8%), P19217 (52.0%), P49888 (51.8%), P49891 (51.1%), Q06520 (37.0%), P15709 (35.9%), Q9NS87 (31.9%), P25054 (30.4%)"
P08263,high,70.0,2,100.0,"P08263 (100.0%), P09210 (95.0%)"
P08263,medium,50.0,3,100.0,"P08263 (100.0%), P09210 (95.0%), Q9WUT3 (55.6%)"
P08263,low,30.0,21,100.0,"P08263 (100.0%), P09210 (95.0%), Q9WUT3 (55.6%), P42336 (43.9%), P42336 (43.9%), P42336 (43.9%), P42336 (43.9%), P42336 (43.9%), P32871 (43.9%), P42336 (43.9%), P42336 (43.9%), P42336 (43.9%), P42336 (43.9%), P42336 (43.9%), A0A0G2K344 (43.9%), P42337 (43.9%), P42336 (41.9%), Q45614 (41.4%), Q01579 (35.4%), P09211 (31.6%), Q26513 (30.2%)"
Q15070,high,70.0,0,0.0,
Q15070,medium,50.0,1,51.85185185185185,Q05096 (51.9%)
Q15070,low,30.0,10,51.85185185185185,"Q05096 (51.9%), Q12791 (41.4%), P19602 (41.4%), P09960 (41.4%), P24527 (41.4%), Q14694 (35.0%), E2JF22 (31.2%), Q08460 (30.2%), Q62976 (30.2%), P25043 (30.0%)"
P02763,high,70.0,0,0.0,
P02763,medium,50.0,0,0.0,
P02763,low,30.0,3,44.0,"O75376 (44.0%), P15880 (34.1%), Q9BDS8 (32.6%)"
Q12809,high,70.0,8,100.0,"Q12809 (100.0%), Q9TSZ3 (96.7%), O08703 (95.7%), O08962 (95.6%), O54853 (83.2%), O54853 (82.3%), Q9H252 (81.5%), Q9H252 (80.7%)"
Q12809,medium,50.0,9,100.0,"Q12809 (100.0%), Q9TSZ3 (96.7%), O08703 (95.7%), O08962 (95.6%), O54853 (83.2%), O54853 (82.3%), Q9H252 (81.5%), Q9H252 (80.7%), O54852 (62.0%)"
Q12809,low,30.0,27,100.0,"Q12809 (100.0%), Q9TSZ3 (96.7%), O08703 (95.7%), O08962 (95.6%), O54853 (83.2%), O54853 (82.3%), Q9H252 (81.5%), Q9H252 (80.7%), O54852 (62.0%), Q9ULD8 (48.4%), Q9ULD8 (46.1%), Q8NCM2 (44.8%), O95259 (44.0%), O95259 (38.9%), Q7Z418 (37.8%), Q13233 (36.6%), P05630 (36.4%), Q9H252 (34.5%), Q8NCM2 (34.2%), O95069 (34.0%), Q8HY88 (34.0%), P09848 (33.3%), W7JX98 (31.5%), Q05516 (31.3%), Q8MMZ8 (30.8%), O54853 (30.2%), O95398 (30.1%)"
Q14524,high,70.0,7,100.0,"Q14524 (100.0%), Q9JJV9 (94.5%), P15389 (94.0%), Q5YLN7 (80.2%), P35498 (73.3%), O08562 (73.1%), Q62205 (71.9%)"
Q14524,medium,50.0,31,100.0,"Q14524 (100.0%), Q9JJV9 (94.5%), P15389 (94.0%), Q5YLN7 (80.2%), P35498 (73.3%), O08562 (73.1%), Q62205 (71.9%), P35499 (66.8%), P15390 (66.0%), P35499 (64.0%), P15390 (63.8%), Q9NY46 (62.6%), Q9Y5Y9 (62.3%), Q99250 (62.3%), P04775 (62.1%), Q62968 (62.0%), O88420 (61.6%), Q9WTU3 (61.6%), P08104 (61.5%), P04774 (61.5%), A2APX8 (61.4%), Q9UQD0 (61.4%), Q6QIY3 (61.3%), Q15858 (60.6%), Q62205 (58.8%), O08562 (58.7%), P35498 (56.8%), Q9UI33 (55.6%), O88457 (53.9%), O88457 (51.4%), Q9UI33 (50.1%)"
Q14524,low,30.0,143,100.0,"Q14524 (100.0%), Q9JJV9 (94.5%), P15389 (94.0%), Q5YLN7 (80.2%), P35498 (73.3%), O08562 (73.1%), Q62205 (71.9%), P35499 (66.8%), P15390 (66.0%), P35499 (64.0%), P15390 (63.8%), Q9NY46 (62.6%), Q9Y5Y9 (62.3%), Q99250 (62.3%), P04775 (62.1%), Q62968 (62.0%), O88420 (61.6%), Q9WTU3 (61.6%), P08104 (61.5%), P04774 (61.5%), A2APX8 (61.4%), Q9UQD0 (61.4%), Q6QIY3 (61.3%), Q15858 (60.6%), Q62205 (58.8%), O08562 (58.7%), P35498 (56.8%), Q9UI33 (55.6%), O88457 (53.9%), O88457 (51.4%), Q9UI33 (50.1%), Q01118 (48.0%), Q01118 (44.7%), Q9ERZ8 (42.1%), Q9EPK8 (42.1%), Q9HBA0 (39.5%), Q16322 (36.8%), Q16322 (36.4%), P17659 (35.2%), P22460 (35.2%), P13864 (35.1%), P0C6U8 (34.3%), P0C6X7 (34.3%), Q62205 (33.7%), Q01815 (33.5%), P15381 (33.5%), O35505 (33.5%), P33534 (33.3%), O95180 (33.1%), P25122 (33.0%), P48547 (33.0%), P15388 (33.0%), Q9EQ60 (32.8%), P54282 (32.8%), O00555 (32.8%), O88427 (32.7%), P22002 (32.7%), Q00975 (32.6%), Q02294 (32.6%), O55017 (32.6%), O08562 (32.5%), Q8NER1 (32.4%), O35433 (32.4%), Q704Y3 (32.4%), Q6R5A3 (32.4%), Q01815 (32.4%), P15381 (32.4%), O35505 (32.4%), P22002 (32.4%), Q9Z0Y8 (32.3%), P27732 (32.2%), Q99246 (32.2%), Q15878 (32.2%), Q07652 (32.2%), Q13936 (32.1%), O54898 (32.1%), Q27YN9 (32.1%), Q8NEC5 (32.1%), P27732 (32.0%), Q9JIS7 (32.0%), O54898 (31.9%), Q27YN9 (31.9%), O43497 (31.9%), Q9P0X4 (31.9%), Q01668 (31.8%), Q02485 (31.7%), P07293 (31.7%), Q13698 (31.6%), Q02789 (31.6%), O54898 (31.5%), Q27YN9 (31.5%), O43497 (31.5%), O60840 (31.5%), Q01815 (31.4%), P54282 (31.4%), O00555 (31.4%), P27732 (31.3%), Q01668 (31.3%), O55017 (31.2%), O54898 (31.2%), P17658 (31.2%), Q99246 (31.1%), P15381 (31.1%), P54282 (31.1%), O00555 (31.1%), O43497 (31.1%), P35498 (31.0%), P54282 (31.0%), O00555 (31.0%), P16389 (31.0%), P63142 (31.0%), P22002 (30.9%), Q00975 (30.9%), P27732 (30.9%), O54898 (30.9%), Q01815 (30.9%), P15381 (30.9%), O35505 (30.9%), P22002 (30.9%), O95180 (30.9%), Q63734 (30.9%), Q02789 (30.9%), Q02294 (30.8%), Q9EQ60 (30.7%), O35505 (30.7%), O88427 (30.7%), Q07652 (30.6%), P16390 (30.6%), P15384 (30.6%), Q99246 (30.6%), Q27YN9 (30.5%), Q91ZR5 (30.5%), Q15878 (30.5%), Q01668 (30.4%), Q9JIS7 (30.4%), O60840 (30.4%), Q9P0X4 (30.3%), P07293 (30.2%), Q02294 (30.1%), Q9Z0Y8 (30.1%), Q13936 (30.1%), O55017 (30.0%), Q07652 (30.0%)"
Q02641,high,70.0,4,100.0,"Q02641 (100.0%), P54283 (97.2%), P54284 (74.9%), P54287 (74.7%)"
Q02641,medium,50.0,7,100.0,"Q02641 (100.0%), P54283 (97.2%), P54284 (74.9%), P54287 (74.7%), O00305 (69.5%), P54288 (63.6%), Q08289 (60.8%)"
Q02641,low,30.0,9,100.0,"Q02641 (100.0%), P54283 (97.2%), P54284 (74.9%), P54287 (74.7%), O00305 (69.5%), P54288 (63.6%), Q08289 (60.8%), O14936 (36.7%), O54853 (31.2%)"
Q03135,high,70.0,0,0.0,
Q03135,medium,50.0,0,0.0,
Q03135,low,30.0,3,35.55555555555556,"A0JN73 (35.6%), P62575 (34.8%), P17764 (32.3%)"
P41595,high,70.0,3,100.0,"P41595 (100.0%), Q02152 (83.2%), P30994 (81.5%)"
P41595,medium,50.0,15,100.0,"P41595 (100.0%), Q02152 (83.2%), P30994 (81.5%), Q75Z89 (53.7%), O46635 (53.1%), P28223 (53.1%), P14842 (53.1%), P50128 (52.2%), Q60F97 (51.8%), P28335 (51.7%), P34968 (51.3%), P35363 (51.2%), P08909 (51.1%), P50129 (50.3%), F5A8F7 (50.0%)"
P41595,low,30.0,209,100.0,"P41595 (100.0%), Q02152 (83.2%), P30994 (81.5%), Q75Z89 (53.7%), O46635 (53.1%), P28223 (53.1%), P14842 (53.1%), P50128 (52.2%), Q60F97 (51.8%), P28335 (51.7%), P34968 (51.3%), P35363 (51.2%), P08909 (51.1%), P50129 (50.3%), F5A8F7 (50.0%), P26433 (48.1%), P48764 (48.1%), P26432 (48.1%), P46089 (45.3%), Q58HT5 (43.1%), P30730 (42.9%), P21917 (42.7%), Q9GZN0 (42.2%), Q9EPB7 (42.2%), O60755 (41.9%), O43194 (41.4%), Q99527 (40.7%), Q9GZQ6 (40.0%), Q9EP86 (40.0%), P18089 (39.7%), Q6Y3N0 (39.6%), P30545 (39.5%), P19328 (39.5%), P18825 (38.7%), P22086 (38.7%), Q01337 (38.7%), P30545 (38.6%), P19328 (38.6%), Q01338 (38.6%), P18871 (38.6%), P08913 (38.6%), Q8MI13 (38.5%), P18871 (37.8%), P08913 (37.8%), P18825 (37.7%), P22086 (37.7%), Q01337 (37.7%), P61169 (37.4%), P61168 (37.4%), P20288 (37.4%), P52702 (37.4%), Q28838 (37.3%), Q28838 (37.3%), Q01338 (36.9%), P19020 (36.7%), P30728 (36.7%), Q01717 (36.6%), Q9JL21 (36.6%), P35367 (36.5%), P34970 (36.4%), Q9Y5X5 (36.1%), P31389 (35.9%), P70174 (35.8%), P31390 (35.8%), P21917 (35.7%), Q8VIH9 (35.6%), P32211 (35.0%), P14416 (35.0%), P52702 (35.0%), P97266 (34.9%), P14416 (34.8%), P18089 (34.6%), Q4VQ11 (34.6%), O08858 (34.5%), Q8VH25 (34.5%), P08485 (34.5%), Q8VH27 (34.4%), P10980 (34.4%), P06199 (34.4%), Q9GJU1 (34.1%), P25099 (34.1%), Q60612 (34.1%), P30542 (34.1%), P47745 (34.1%), P08173 (34.0%), Q9ERZ3 (33.9%), P33033 (33.9%), P32244 (33.9%), P49892 (33.9%), P30938 (33.8%), Q8TCW9 (33.6%), P49146 (33.6%), P19020 (33.5%), Q8VH26 (33.3%), Q62805 (33.3%), Q62805 (33.3%), P46095 (33.3%), G3HDX1 (33.2%), P08172 (33.2%), Q9ERC0 (33.1%), P30728 (33.0%), Q69ZF3 (32.9%), Q9EP86 (32.8%), P49684 (32.8%), Q9GJU1 (32.7%), P61169 (32.5%), P61168 (32.5%), P08483 (32.3%), Q9ERZ3 (32.3%), P35368 (32.3%), P34981 (32.3%), Q01717 (32.3%), Q533H1 (32.1%), P35348 (32.1%), P15823 (32.1%), Q64264 (32.0%), P20288 (32.0%), P18762 (32.0%), P08912 (31.9%), P18130 (31.9%), P41968 (31.9%), P20309 (31.8%), Q9GZQ6 (31.8%), P18901 (31.8%), P34981 (31.8%), P19327 (31.8%), P04274 (31.7%), Q28044 (31.7%), P49892 (31.7%), A8K2H7 (31.7%), Q16581 (31.7%), P47936 (31.6%), P30729 (31.5%), P16395 (31.5%), P28334 (31.5%), P28564 (31.5%), Q8VH26 (31.3%), Q64326 (31.3%), G3I1B6 (31.3%), P20309 (31.2%), P79399 (31.2%), P35408 (31.2%), Q61616 (31.2%), G3HIE5 (31.2%), P10608 (31.2%), P31388 (31.1%), Q28309 (31.1%), P0DMS8 (31.1%), P08908 (31.0%), P50130 (31.0%), P70174 (31.0%), P31390 (31.0%), Q9ERC0 (31.0%), P32300 (30.9%), A0A286XTF2 (30.9%), P33533 (30.9%), P28566 (30.9%), Q9QZN9 (30.9%), P21728 (30.9%), P51436 (30.9%), P56450 (30.9%), P70596 (30.9%), Q8K4Z4 (30.9%), Q865E1 (30.9%), P34969 (30.8%), P46636 (30.8%), P35406 (30.8%), Q6IYF9 (30.8%), P32304 (30.7%), O08858 (30.7%), G3H407 (30.7%), Q9Z2J6 (30.6%), B0FL73 (30.6%), P08912 (30.5%), P32305 (30.5%), O70528 (30.5%), P35367 (30.5%), P07550 (30.4%), P08911 (30.4%), Q920H4 (30.4%), P31391 (30.4%), P30938 (30.4%), Q9TU16 (30.4%), P22909 (30.4%), P97717 (30.4%), P97520 (30.3%), F7HEV7 (30.3%), P43140 (30.3%), P0C5J4 (30.3%), Q9NG02 (30.3%), Q9TSW7 (30.3%), Q9JI35 (30.3%), Q9Y5N1 (30.3%), P50406 (30.3%), O08892 (30.2%), P41143 (30.2%), P18090 (30.2%), P08482 (30.2%), P12657 (30.2%), P11229 (30.2%), P35344 (30.2%), Q13639 (30.2%), A6QR73 (30.1%), O00421 (30.1%), P97718 (30.1%), Q8NFJ6 (30.1%), Q28998 (30.0%), P51050 (30.0%), Q9ESG6 (30.0%)"
P31645,high,70.0,4,100.0,"P31645 (100.0%), Q9MYX0 (98.6%), Q60857 (92.5%), P31652 (91.7%)"
P31645,medium,50.0,13,100.0,"P31645 (100.0%), Q9MYX0 (98.6%), Q60857 (92.5%), P31652 (91.7%), O55192 (53.0%), P23975 (52.6%), Q63380 (52.1%), P27922 (52.0%), F1LNR9 (51.9%), Q9WTR4 (51.8%), Q7JHP9 (50.0%), Q9GJT6 (50.0%), Q01959 (50.0%)"
P31645,low,30.0,39,100.0,"P31645 (100.0%), Q9MYX0 (98.6%), Q60857 (92.5%), P31652 (91.7%), O55192 (53.0%), P23975 (52.6%), Q63380 (52.1%), P27922 (52.0%), F1LNR9 (51.9%), Q9WTR4 (51.8%), Q7JHP9 (50.0%), Q9GJT6 (50.0%), Q01959 (50.0%), P23977 (49.7%), Q61327 (49.5%), P48056 (45.5%), Q9NSD5 (45.4%), P31646 (44.5%), Q99884 (44.5%), P48066 (44.3%), P31651 (44.2%), P31649 (44.2%), P48065 (44.2%), P31650 (43.3%), P31647 (43.3%), P31641 (43.3%), P30531 (42.7%), P28570 (42.5%), P31648 (42.2%), P23978 (42.2%), P58295 (42.1%), Q9UN76 (41.9%), Q9Y345 (41.8%), P48067 (41.4%), P28571 (41.4%), Q28039 (41.2%), P28572 (40.7%), Q14957 (35.0%), Q9H2J7 (31.4%)"
Q9BTC0,high,70.0,0,0.0,
Q9BTC0,medium,50.0,0,0.0,
Q9BTC0,low,30.0,29,46.51162790697674,"P36507 (46.5%), Q9UPP1 (46.4%), Q3UXZ9 (46.4%), P29375 (46.4%), Q12830 (46.2%), P36506 (44.2%), Q8TEK3 (43.8%), Q9BY66 (41.4%), P41229 (41.4%), Q3UXZ9 (40.8%), P29375 (40.8%), Q9UGL1 (39.2%), Q6ZMT4 (39.0%), O75151 (38.3%), Q62666 (37.3%), P51136 (37.0%), Q9H160 (36.7%), O14686 (36.0%), P55201 (34.9%), Q03164 (34.1%), Q9NRL2 (34.0%), Q9NR48 (32.7%), Q9ULD4 (32.4%), O95696 (32.4%), Q9UPN9 (32.1%), Q6P6R0 (32.1%), Q9BUL5 (31.0%), Q9UIG0 (30.6%), Q9UIF8 (30.2%)"
Q01959,high,70.0,6,100.0,"Q01959 (100.0%), Q7JHP9 (98.9%), Q9GJT6 (98.9%), Q61327 (93.5%), P23977 (93.5%), P27922 (86.8%)"
Q01959,medium,50.0,14,100.0,"Q01959 (100.0%), Q7JHP9 (98.9%), Q9GJT6 (98.9%), Q61327 (93.5%), P23977 (93.5%), P27922 (86.8%), F1LNR9 (69.6%), Q9WTR4 (69.4%), O55192 (67.8%), Q63380 (67.4%), P23975 (67.1%), Q9MYX0 (51.8%), P31652 (51.1%), P31645 (50.0%)"
Q01959,low,30.0,43,100.0,"Q01959 (100.0%), Q7JHP9 (98.9%), Q9GJT6 (98.9%), Q61327 (93.5%), P23977 (93.5%), P27922 (86.8%), F1LNR9 (69.6%), Q9WTR4 (69.4%), O55192 (67.8%), Q63380 (67.4%), P23975 (67.1%), Q9MYX0 (51.8%), P31652 (51.1%), P31645 (50.0%), Q60857 (48.7%), P30531 (46.3%), P48056 (46.0%), P31651 (46.0%), P31646 (45.3%), P31649 (44.7%), P31648 (44.7%), P23978 (44.7%), Q99884 (44.5%), P48065 (44.1%), P28570 (44.1%), Q9NSD5 (44.0%), P58295 (43.9%), Q9UN76 (43.6%), Q9Y345 (43.2%), P31647 (42.7%), P31650 (42.7%), P31641 (42.6%), P48066 (42.1%), P28572 (42.1%), Q28039 (41.2%), P28571 (41.0%), P48067 (40.9%), Q9H2J7 (38.7%), Q9H2J7 (36.0%), O00574 (32.8%), P0DTD1 (32.1%), P0C6X7 (32.1%), Q9EQ16 (30.8%)"
P23975,high,70.0,5,100.0,"P23975 (100.0%), O55192 (94.3%), F1LNR9 (94.2%), Q9WTR4 (94.0%), Q63380 (93.2%)"
P23975,medium,50.0,15,100.0,"P23975 (100.0%), O55192 (94.3%), F1LNR9 (94.2%), Q9WTR4 (94.0%), Q63380 (93.2%), Q7JHP9 (67.2%), Q9GJT6 (67.2%), P23977 (67.1%), Q01959 (67.1%), Q61327 (66.6%), P27922 (66.4%), Q9MYX0 (52.8%), P31645 (52.6%), P31652 (52.5%), Q60857 (50.6%)"
P23975,low,30.0,38,100.0,"P23975 (100.0%), O55192 (94.3%), F1LNR9 (94.2%), Q9WTR4 (94.0%), Q63380 (93.2%), Q7JHP9 (67.2%), Q9GJT6 (67.2%), P23977 (67.1%), Q01959 (67.1%), Q61327 (66.6%), P27922 (66.4%), Q9MYX0 (52.8%), P31645 (52.6%), P31652 (52.5%), Q60857 (50.6%), P48056 (46.8%), P31649 (46.7%), P31646 (46.5%), P31648 (46.0%), P23978 (46.0%), P48065 (46.0%), P31651 (45.8%), P30531 (45.7%), Q99884 (45.7%), P48066 (44.8%), P28570 (44.4%), P31647 (44.1%), P31650 (44.1%), P31641 (44.0%), P58295 (43.8%), Q9Y345 (43.7%), Q9NSD5 (43.4%), P28571 (42.8%), Q28039 (42.7%), P28572 (42.7%), P48067 (42.4%), Q9UN76 (42.0%), Q9H2J7 (32.2%)"
Q9UHE5,high,70.0,0,0.0,
Q9UHE5,medium,50.0,0,0.0,
Q9UHE5,low,30.0,3,38.88888888888889,"Q9X688 (38.9%), O89039 (38.9%), Q86Y07 (33.3%)"
P35348,high,70.0,6,100.0,"P35348 (100.0%), O02824 (94.0%), Q9TSW7 (92.9%), P43140 (92.7%), P18130 (92.1%), P97718 (91.8%)"
P35348,medium,50.0,15,100.0,"P35348 (100.0%), O02824 (94.0%), Q9TSW7 (92.9%), P43140 (92.7%), P18130 (92.1%), P97718 (91.8%), G3HDX1 (63.2%), P35368 (62.5%), P18841 (62.2%), P15823 (62.2%), P97717 (62.0%), P25100 (61.9%), P97714 (60.9%), P23944 (60.0%), P79399 (50.0%)"
P35348,low,30.0,248,100.0,"P35348 (100.0%), O02824 (94.0%), Q9TSW7 (92.9%), P43140 (92.7%), P18130 (92.1%), P97718 (91.8%), G3HDX1 (63.2%), P35368 (62.5%), P18841 (62.2%), P15823 (62.2%), P97717 (62.0%), P25100 (61.9%), P97714 (60.9%), P23944 (60.0%), P79399 (50.0%), P19020 (43.4%), P30728 (43.4%), P70174 (43.4%), P30545 (43.0%), Q6Y3N0 (42.9%), P21917 (42.5%), P61169 (42.3%), P61168 (42.3%), P31390 (42.2%), P18825 (42.2%), P19328 (42.0%), Q3UFD7 (41.9%), P20288 (41.8%), Q01337 (41.4%), P0C6U6 (41.4%), P30935 (41.3%), P30936 (41.3%), F1N083 (41.0%), P30545 (41.0%), P19328 (41.0%), P18089 (41.0%), P35367 (41.0%), A0A286XTF2 (40.6%), F7HEV7 (40.6%), P41143 (40.6%), P33533 (40.6%), P18089 (40.5%), P18871 (40.3%), Q01338 (40.3%), P18871 (40.3%), P08913 (40.0%), P21917 (39.8%), P18825 (39.7%), P22086 (39.7%), P61169 (39.5%), P61168 (39.5%), P52702 (39.5%), P08913 (39.4%), P19020 (39.2%), P30728 (39.2%), P20288 (39.2%), P97266 (38.9%), P14416 (38.9%), O08790 (38.9%), Q9GJU1 (38.7%), P14416 (38.7%), P52702 (38.7%), P32745 (38.7%), P30935 (38.7%), P30936 (38.7%), P28334 (38.7%), P28564 (38.7%), P46636 (38.7%), Q8MI13 (38.5%), P32745 (38.5%), P25962 (38.4%), P26255 (38.4%), P32304 (38.1%), Q28524 (38.1%), O08892 (38.0%), P22909 (37.8%), Q28998 (37.7%), Q9GJU1 (37.7%), O02662 (37.7%), P10980 (37.7%), Q9ERZ4 (37.7%), P04274 (37.6%), P13945 (37.5%), P32305 (37.5%), B0FL73 (37.5%), Q9N2B7 (37.4%), P18762 (37.3%), P18090 (37.2%), P34971 (37.2%), Q28838 (37.0%), P34970 (36.9%), P35406 (36.9%), P28222 (36.8%), P50407 (36.8%), P79400 (36.7%), P34969 (36.5%), Q9GZQ6 (36.4%), P30939 (36.2%), P10608 (36.2%), Q9NG02 (36.2%), P28190 (36.1%), Q28044 (36.1%), Q02284 (36.0%), Q9NS75 (36.0%), Q95136 (35.8%), P47747 (35.7%), Q60484 (35.7%), P28565 (35.7%), P50130 (35.7%), P31389 (35.6%), P35344 (35.5%), P30940 (35.4%), P54833 (35.4%), Q61224 (35.4%), P49684 (35.4%), P25115 (35.3%), Q91WW5 (35.1%), P25102 (35.0%), P28221 (35.0%), P32211 (35.0%), P08173 (35.0%), Q8VH25 (35.0%), P08485 (35.0%), Q8VIH9 (34.9%), A8K2H7 (34.9%), Q16581 (34.9%), P31390 (34.8%), P08588 (34.8%), P18901 (34.7%), P31388 (34.7%), Q9R1C8 (34.6%), Q8K4Z4 (34.6%), P21918 (34.6%), Q61616 (34.5%), P49683 (34.5%), Q8BLD9 (34.4%), Q9UKP6 (34.4%), P07550 (34.3%), P30966 (34.3%), Q76JV1 (34.2%), P31389 (34.2%), P08911 (34.1%), Q01338 (34.0%), P35364 (33.9%), A5A4K8 (33.8%), Q8HYC3 (33.8%), P35365 (33.8%), O70528 (33.7%), O54814 (33.7%), P25024 (33.5%), P35367 (33.3%), P52703 (33.2%), P35462 (33.2%), P50406 (33.2%), P21728 (33.2%), P25021 (33.2%), P47898 (33.1%), P97288 (33.1%), Q13639 (33.1%), Q920H4 (33.0%), P28566 (33.0%), P08912 (33.0%), Q6Q253 (33.0%), A5A4K8 (32.8%), P22086 (32.8%), Q01337 (32.8%), P32300 (32.8%), Q9JI35 (32.7%), P58406 (32.7%), Q9QYN8 (32.7%), P25025 (32.6%), O60755 (32.6%), P34970 (32.6%), P49651 (32.6%), Q8TDU9 (32.6%), P51436 (32.5%), Q865E1 (32.5%), Q9Y5N1 (32.5%), P30729 (32.4%), P08908 (32.4%), P51685 (32.2%), P41595 (32.1%), A6I4C9 (32.1%), Q96LB2 (32.0%), P97468 (31.9%), Q28838 (31.9%), Q923Y9 (31.8%), P19327 (31.8%), Q533H1 (31.8%), P47900 (31.8%), Q64264 (31.7%), P08172 (31.6%), P06199 (31.6%), O14804 (31.6%), O43193 (31.6%), P70174 (31.6%), P11229 (31.5%), Q62758 (31.5%), Q8BFU7 (31.4%), O00398 (31.4%), Q4L144 (31.4%), Q76JU9 (31.3%), Q8K3T4 (31.3%), Q5QD14 (31.3%), Q8SPZ1 (31.2%), O95977 (31.2%), Q96RJ0 (31.1%), P08173 (31.1%), Q8VH25 (31.1%), P32248 (31.1%), O08556 (31.0%), Q60F97 (31.0%), O70342 (31.0%), Q923X8 (30.9%), O60755 (30.9%), Q923Y8 (30.8%), Q96LA9 (30.8%), Q63634 (30.8%), Q8HZ64 (30.7%), Q8VH27 (30.7%), P22909 (30.7%), Q9JL21 (30.6%), Q9ERZ3 (30.5%), P08483 (30.5%), P20309 (30.5%), P46092 (30.4%), P25116 (30.4%), O08790 (30.4%), G3HIE5 (30.4%), Q533H1 (30.3%), Q9BPV8 (30.3%), P30872 (30.2%), P30873 (30.2%), Q5KSK8 (30.2%), O14842 (30.2%), P34968 (30.2%), P08482 (30.2%), P12657 (30.2%), P28646 (30.1%), P49684 (30.1%), B2GV46 (30.1%), P43118 (30.1%), P16395 (30.1%), P06199 (30.1%), Q8VH27 (30.0%), P51675 (30.0%), O43193 (30.0%), Q96RI0 (30.0%)"
P08913,high,70.0,6,100.0,"P08913 (100.0%), P18871 (94.2%), Q01338 (92.5%), Q28838 (91.7%), P22909 (91.2%), P18825 (74.7%)"
P08913,medium,50.0,13,100.0,"P08913 (100.0%), P18871 (94.2%), Q01338 (92.5%), Q28838 (91.7%), P22909 (91.2%), P18825 (74.7%), Q01337 (55.8%), P22086 (55.8%), P07342 (52.9%), P30545 (52.7%), P19328 (52.7%), P18089 (51.9%), Q9GZQ6 (51.6%)"
P08913,low,30.0,431,100.0,"P08913 (100.0%), P18871 (94.2%), Q01338 (92.5%), Q28838 (91.7%), P22909 (91.2%), P18825 (74.7%), Q01337 (55.8%), P22086 (55.8%), P07342 (52.9%), P30545 (52.7%), P19328 (52.7%), P18089 (51.9%), Q9GZQ6 (51.6%), P25100 (47.4%), P23945 (46.2%), P20395 (46.2%), P30966 (46.1%), O08878 (45.5%), Q9EP86 (45.2%), P28566 (44.8%), P08588 (44.7%), P35364 (44.7%), B0FL73 (44.4%), P84903 (44.4%), Q13586 (44.4%), P18090 (44.0%), Q28998 (43.8%), O95136 (43.8%), Q9EPB7 (43.3%), Q9GZN0 (43.3%), P13945 (43.1%), P35368 (42.9%), P15823 (42.9%), P97717 (42.9%), Q923Y8 (42.9%), P18841 (42.7%), P35365 (42.5%), Q923Y9 (42.5%), P47211 (42.4%), Q28524 (42.3%), O88634 (42.3%), P08909 (41.9%), P34968 (41.9%), P47752 (41.7%), P25962 (41.5%), P47898 (41.2%), Q02152 (41.0%), P14842 (40.7%), Q7TMA4 (40.5%), Q2AC31 (40.5%), Q5NUL3 (40.5%), O02824 (40.3%), P97718 (40.3%), Q8HZ64 (40.3%), P18841 (40.2%), P15823 (40.2%), P35363 (40.1%), P43140 (40.0%), P35348 (40.0%), P18130 (40.0%), Q9TSW7 (40.0%), Q60F97 (40.0%), Q61091 (40.0%), P35348 (39.8%), P26255 (39.8%), P25115 (39.7%), O46635 (39.7%), G3HDX1 (39.7%), Q8BLD9 (39.6%), O02824 (39.4%), Q8BLD9 (39.2%), Q75Z89 (39.2%), Q8MI13 (39.2%), Q61616 (39.2%), P28221 (39.1%), Q96RJ0 (39.0%), Q28998 (38.9%), P25100 (38.9%), Q6Q253 (38.8%), Q95136 (38.8%), P35406 (38.8%), P34970 (38.8%), P28335 (38.8%), P43140 (38.6%), P28221 (38.6%), P47747 (38.6%), P41595 (38.6%), P18130 (38.5%), Q9TSW7 (38.5%), P25115 (38.5%), P35406 (38.4%), P50130 (38.3%), P34971 (38.2%), P18090 (38.2%), O70528 (38.2%), P21761 (38.1%), P34981 (38.1%), Q01717 (38.1%), P35365 (38.0%), P49285 (38.0%), P47745 (38.0%), Q60612 (38.0%), P97714 (38.0%), P23944 (38.0%), B0FL73 (37.9%), W5VNF7 (37.9%), P50407 (37.9%), P08588 (37.8%), P97718 (37.8%), P50129 (37.7%), P21728 (37.7%), P25021 (37.6%), Q62758 (37.5%), P97288 (37.5%), P34969 (37.5%), P50128 (37.5%), P28223 (37.5%), P21918 (37.4%), P23944 (37.4%), P41595 (37.3%), Q9NG02 (37.3%), E1BKU0 (37.2%), P97714 (37.1%), P50129 (37.1%), Q75Z89 (37.1%), P25102 (37.1%), P18901 (37.0%), O60755 (37.0%), Q9BZJ6 (36.9%), P25102 (36.9%), P25962 (36.9%), H9EUW9 (36.8%), P21453 (36.8%), P26255 (36.8%), O02662 (36.8%), P32305 (36.7%), P32304 (36.7%), Q4VQ11 (36.7%), P32305 (36.7%), P32304 (36.7%), P30729 (36.6%), P51050 (36.6%), Q13639 (36.5%), Q8TDU9 (36.5%), P28566 (36.5%), P49892 (36.4%), P35368 (36.4%), P54282 (36.4%), Q99500 (36.3%), P50407 (36.2%), O02662 (36.2%), Q60F97 (36.2%), P31388 (36.2%), P28335 (36.2%), O14804 (36.1%), P47747 (36.1%), Q9H228 (36.1%), F1N083 (36.0%), P41143 (36.0%), F7HEV7 (36.0%), P32300 (36.0%), P34969 (36.0%), O46635 (36.0%), P50406 (36.0%), P97717 (35.9%), Q96RI0 (35.9%), P08909 (35.9%), P34968 (35.9%), P43681 (35.8%), P13945 (35.8%), Q5QD14 (35.8%), P41145 (35.8%), P48303 (35.8%), O08530 (35.8%), P30542 (35.7%), P35363 (35.6%), P33533 (35.6%), A0A286XTF2 (35.6%), P18901 (35.5%), Q9HBW0 (35.4%), Q9JL06 (35.4%), P97266 (35.4%), P50130 (35.4%), Q00788 (35.3%), Q28524 (35.1%), Q5QD14 (35.1%), P30966 (35.1%), P28190 (35.0%), P35364 (35.0%), P35346 (34.9%), P21918 (34.9%), O70528 (34.8%), P47898 (34.8%), Q923X8 (34.8%), P48039 (34.8%), G3HDX1 (34.7%), P21728 (34.7%), P52702 (34.7%), P50128 (34.7%), P28223 (34.7%), Q95136 (34.6%), P25099 (34.6%), P34975 (34.6%), P33534 (34.6%), Q01776 (34.5%), Q13639 (34.4%), P14416 (34.4%), P25021 (34.4%), P31391 (34.4%), P30937 (34.4%), P28222 (34.4%), P34971 (34.4%), Q62805 (34.3%), Q9N2B7 (34.3%), Q02152 (34.3%), P35462 (34.2%), P07550 (34.2%), P54833 (34.2%), P18762 (34.2%), P04274 (34.2%), P10608 (34.2%), O95267 (34.2%), Q9R1K8 (34.2%), Q33BM1 (34.1%), P41146 (34.1%), P49660 (34.1%), O70526 (34.1%), P49219 (34.1%), P49287 (34.1%), Q9R1C8 (34.0%), P04274 (34.0%), Q62758 (34.0%), P97288 (34.0%), P79350 (33.9%), Q61616 (33.9%), P20288 (33.8%), P46089 (33.8%), P10608 (33.8%), Q8MJ89 (33.8%), Q99705 (33.8%), P97639 (33.8%), Q8JZL2 (33.8%), B6F061 (33.8%), P30411 (33.8%), G7PWB2 (33.7%), P07550 (33.7%), P33032 (33.6%), P52703 (33.6%), P08908 (33.5%), P21917 (33.4%), P35377 (33.3%), P35370 (33.3%), P41144 (33.3%), A6IZR3 (33.3%), Q533H1 (33.3%), Q8VIH9 (33.3%), P32307 (33.3%), Q9GJU1 (33.3%), P61169 (33.3%), P79399 (33.1%), P33766 (33.1%), Q28044 (33.1%), P61168 (33.0%), P31388 (33.0%), Q9R1C8 (33.0%), Q9MYW9 (32.9%), Q8CGM4 (32.9%), P42866 (32.9%), P35372 (32.9%), P33535 (32.9%), Q28642 (32.9%), O14804 (32.9%), Q64264 (32.9%), P30518 (32.8%), P0C0L6 (32.8%), Q8BZP8 (32.8%), Q60484 (32.7%), Q923X8 (32.6%), Q8K4Z4 (32.6%), Q6Q253 (32.6%), P41149 (32.6%), P29276 (32.6%), P32245 (32.5%), O75388 (32.5%), P54833 (32.5%), P35344 (32.5%), P19327 (32.4%), Q3U507 (32.3%), P49288 (32.3%), Q99527 (32.3%), Q60614 (32.3%), P30873 (32.3%), P30872 (32.3%), P28646 (32.3%), P30938 (32.3%), O08858 (32.3%), A0A1U8CD06 (32.3%), Q7TQN8 (32.3%), P29274 (32.2%), A8K2H7 (32.2%), Q16581 (32.2%), P30940 (32.2%), P34970 (32.1%), P28190 (32.1%), P56450 (32.1%), P70596 (32.1%), P30728 (32.1%), Q13304 (32.0%), Q63371 (32.0%), Q02284 (32.0%), O88536 (31.9%), P18762 (31.9%), P50406 (31.9%), P29275 (31.9%), G3I1B6 (31.9%), P35343 (31.9%), Q9UBY5 (31.8%), P25023 (31.8%), Q920H4 (31.8%), P08911 (31.8%), P08912 (31.8%), Q8TDS5 (31.7%), Q9HC97 (31.7%), P56481 (31.7%), P48145 (31.7%), P41231 (31.7%), P30543 (31.7%), O00398 (31.6%), Q01718 (31.6%), Q61224 (31.6%), P30939 (31.6%), P14842 (31.6%), P25104 (31.6%), P30556 (31.6%), P30555 (31.6%), P29089 (31.6%), P97468 (31.6%), O08892 (31.5%), Q01726 (31.5%), P28222 (31.5%), Q9N2B7 (31.5%), P35345 (31.5%), P16395 (31.4%), P28565 (31.4%), P29275 (31.4%), A6IZR3 (31.4%), P30936 (31.3%), P30935 (31.3%), P19020 (31.3%), P21730 (31.3%), P51582 (31.2%), Q60613 (31.2%), G7Q3P2 (31.1%), Q8TDV5 (31.1%), Q99788 (31.1%), P30098 (31.1%), Q9H244 (31.1%), P51436 (31.1%), P35346 (31.1%), Q9HB89 (31.1%), Q01718 (31.0%), P30969 (31.0%), P25025 (31.0%), P29274 (31.0%), P49286 (31.0%), Q9BXC0 (31.0%), Q9JHG3 (30.9%), P28564 (30.8%), Q9WV26 (30.8%), P34976 (30.8%), P34972 (30.8%), P28334 (30.8%), A8K2H7 (30.8%), Q16581 (30.8%), P16177 (30.6%), P30098 (30.6%), P47748 (30.6%), P30938 (30.6%), P30543 (30.6%), P46636 (30.6%), Q923Y9 (30.6%), P46092 (30.6%), P30552 (30.5%), Q6Y3N0 (30.5%), P32248 (30.5%), A0A286XTF2 (30.5%), Q64326 (30.5%), P61793 (30.5%), P61794 (30.5%), P97926 (30.5%), P79400 (30.5%), Q96RJ0 (30.5%), B3DH72 (30.4%), Q920H4 (30.4%), P08911 (30.4%), P46095 (30.4%), P56719 (30.4%), P25099 (30.4%), Q60612 (30.4%), P47748 (30.3%), Q8K4Z4 (30.3%), P35343 (30.3%), P30875 (30.3%), P30680 (30.3%), P49146 (30.3%), Q9ERC0 (30.3%), Q8K5E0 (30.3%), P49019 (30.3%), P25090 (30.3%), Q9BDQ5 (30.3%), Q8MHZ5 (30.2%), Q9ES90 (30.2%), Q923Y8 (30.2%), P79350 (30.2%), Q80Z39 (30.2%), Q9EP66 (30.2%), O43614 (30.2%), P20272 (30.2%), P47746 (30.2%), P21554 (30.2%), Q8WXD0 (30.2%), P56481 (30.1%), P32300 (30.1%), Q9EPX4 (30.1%), P32245 (30.1%), Q09QM4 (30.1%), O08858 (30.0%), D4A7K7 (30.0%), P49681 (30.0%), Q6NS65 (30.0%), P49238 (30.0%)"
P08588,high,70.0,5,100.0,"P08588 (100.0%), B0FL73 (90.6%), P34971 (87.9%), Q28998 (87.7%), P18090 (86.4%)"
P08588,medium,50.0,15,100.0,"P08588 (100.0%), B0FL73 (90.6%), P34971 (87.9%), Q28998 (87.7%), P18090 (86.4%), O02662 (57.7%), P13945 (57.2%), Q28524 (56.9%), P25962 (56.5%), P26255 (55.4%), P54833 (55.0%), P07550 (53.6%), P04274 (50.4%), Q8K4Z4 (50.2%), Q95N78 (50.0%)"
P08588,low,30.0,283,100.0,"P08588 (100.0%), B0FL73 (90.6%), P34971 (87.9%), Q28998 (87.7%), P18090 (86.4%), O02662 (57.7%), P13945 (57.2%), Q28524 (56.9%), P25962 (56.5%), P26255 (55.4%), P54833 (55.0%), P07550 (53.6%), P04274 (50.4%), Q8K4Z4 (50.2%), Q95N78 (50.0%), P18762 (49.6%), Q28044 (49.3%), P79399 (48.8%), P10608 (48.7%), Q8NEZ4 (47.8%), P30098 (46.7%), Q92793 (46.4%), P68399 (46.2%), P68400 (46.2%), P31390 (44.7%), P70174 (44.7%), P42684 (43.2%), P18825 (42.7%), O08878 (42.4%), P22086 (41.5%), Q01337 (41.5%), P30728 (40.9%), Q8MI13 (40.2%), P30545 (40.0%), P19328 (40.0%), Q9Z122 (40.0%), O08858 (39.0%), P30938 (39.0%), P47748 (38.5%), P35377 (38.5%), D4A7K7 (38.5%), Q6R6I7 (38.5%), P47211 (38.3%), F1N083 (38.1%), P21918 (38.0%), Q6Q253 (38.0%), P08913 (37.8%), O70528 (37.7%), P35406 (37.6%), P18089 (37.6%), A0A286XTF2 (37.5%), P41143 (37.5%), F7HEV7 (37.5%), P97717 (37.2%), P97714 (37.0%), P49880 (37.0%), P08913 (36.9%), P08911 (36.8%), P25100 (36.7%), P15823 (36.7%), P23944 (36.7%), P19020 (36.6%), Q96RI0 (36.6%), P35370 (36.5%), Q13639 (36.5%), P18841 (36.4%), P97718 (36.4%), P35368 (36.4%), Q9JI35 (36.2%), P58406 (36.2%), O95136 (36.2%), P50130 (36.1%), O02824 (36.1%), P25115 (36.0%), Q9GJU1 (36.0%), P97288 (35.9%), P79400 (35.9%), P47752 (35.8%), P31389 (35.8%), P32300 (35.7%), P50406 (35.7%), Q62758 (35.7%), P32211 (35.7%), P08173 (35.7%), Q8VH25 (35.7%), P08485 (35.7%), Q28838 (35.6%), P31388 (35.5%), Q8BLD9 (35.5%), Q28838 (35.4%), Q61616 (35.4%), P25021 (35.3%), P34972 (35.3%), Q9Y5N1 (35.2%), Q9QYN8 (35.2%), Q865E1 (35.2%), P19020 (35.2%), G3I1B6 (35.2%), P35348 (35.1%), P28334 (35.1%), P28564 (35.1%), P43140 (35.0%), Q9N2B7 (35.0%), P25102 (35.0%), Q64264 (34.9%), P18901 (34.9%), Q9TSW7 (34.8%), P47747 (34.8%), P08912 (34.8%), Q60484 (34.8%), P50407 (34.8%), P28646 (34.8%), P30873 (34.8%), P30872 (34.8%), O43193 (34.8%), P28222 (34.7%), Q920H4 (34.7%), P46636 (34.7%), P49683 (34.6%), P43116 (34.6%), P18130 (34.6%), Q15722 (34.6%), Q9NG02 (34.6%), Q07075 (34.5%), P34969 (34.5%), P32304 (34.5%), P32305 (34.5%), P08908 (34.5%), P21728 (34.4%), P32745 (34.3%), P28565 (34.3%), P22086 (34.3%), Q01337 (34.3%), P28566 (34.1%), Q8JZL2 (34.1%), P97639 (34.1%), G3HDX1 (34.1%), Q95136 (34.0%), P30728 (34.0%), P47936 (34.0%), Q9QZN9 (34.0%), Q9GZQ6 (33.9%), Q9UKP6 (33.9%), P19327 (33.9%), Q61224 (33.7%), P28221 (33.7%), Q64326 (33.7%), Q9GZQ4 (33.6%), P35367 (33.6%), P11229 (33.6%), P51436 (33.5%), Q9R1C8 (33.3%), P33533 (33.3%), P32745 (33.3%), A5A4K8 (33.3%), Q533H1 (33.3%), Q8VIH9 (33.3%), Q8SPZ1 (33.3%), Q8IYL9 (33.3%), P16395 (33.0%), P30545 (32.9%), Q6R6I6 (32.9%), P18825 (32.9%), P12657 (32.9%), P08482 (32.9%), O08892 (32.8%), Q96LB2 (32.8%), Q9NFX8 (32.8%), Q8WXD0 (32.7%), Q01718 (32.7%), Q62805 (32.6%), P35462 (32.6%), Q9GJU1 (32.5%), B6F061 (32.5%), Q01338 (32.4%), P35365 (32.4%), P28223 (32.4%), P50128 (32.4%), P30729 (32.4%), A8K2H7 (32.4%), Q16581 (32.4%), P28646 (32.4%), P30873 (32.4%), P30872 (32.4%), P52703 (32.3%), P19328 (32.2%), Q8TDS5 (32.1%), Q8MJ89 (32.1%), Q8JZL2 (32.1%), Q99705 (32.1%), P50129 (32.1%), P18089 (32.0%), Q01718 (31.9%), P18871 (31.9%), P30938 (31.9%), O95977 (31.9%), P50052 (31.8%), P35351 (31.8%), P22909 (31.8%), P30940 (31.8%), P30939 (31.8%), P30935 (31.8%), P30936 (31.8%), O46635 (31.8%), P14842 (31.8%), P35363 (31.8%), Q02284 (31.7%), Q02152 (31.7%), Q9EPB7 (31.7%), O08858 (31.5%), Q9JJL9 (31.5%), Q62053 (31.5%), P49684 (31.4%), Q8VIH9 (31.4%), P30547 (31.3%), P25103 (31.3%), Q5DUB1 (31.3%), P14600 (31.3%), P30548 (31.3%), P97639 (31.3%), Q75Z89 (31.3%), P51678 (31.3%), O00590 (31.3%), O60755 (31.3%), P30966 (31.3%), Q8VH27 (31.2%), P70658 (31.2%), O08565 (31.2%), P11799 (31.1%), P30994 (31.1%), Q865E1 (31.1%), Q9BPV8 (31.1%), P47211 (31.1%), Q533H1 (31.1%), Q9JI35 (31.0%), P21917 (31.0%), O08790 (31.0%), Q9R1L2 (31.0%), Q5QD14 (30.9%), A6I4C9 (30.9%), Q15761 (30.8%), Q8HYC3 (30.8%), P30098 (30.8%), Q9BXC1 (30.8%), P31389 (30.7%), Q923Y9 (30.7%), Q9MYJ9 (30.6%), P35364 (30.5%), P51675 (30.5%), Q8MJ89 (30.5%), Q99705 (30.5%), Q9GZN0 (30.5%), Q9UKP6 (30.5%), P16395 (30.4%), P30555 (30.4%), P30556 (30.4%), P25095 (30.4%), Q9R0Q2 (30.3%), Q8BLG2 (30.3%), Q9ERZ4 (30.3%), P10980 (30.3%), Q8HZ64 (30.3%), Q96RJ0 (30.3%), P25099 (30.3%), P34970 (30.3%), Q99527 (30.3%), B6F061 (30.3%), P97266 (30.2%), Q9Y2T6 (30.2%), Q6Y3N0 (30.2%), O14804 (30.2%), E1BKU0 (30.1%), Q920H4 (30.1%), P30542 (30.1%), P29274 (30.1%), Q9QZN9 (30.1%), P47745 (30.1%), Q8VH26 (30.0%), P06199 (30.0%), Q9ERZ4 (30.0%), P10980 (30.0%), P08172 (30.0%), P49684 (30.0%)"
P07550,high,70.0,7,100.0,"P07550 (100.0%), P54833 (89.0%), Q28044 (88.3%), Q8K4Z4 (88.0%), P10608 (87.3%), P04274 (87.3%), P18762 (87.1%)"
P07550,medium,50.0,16,100.0,"P07550 (100.0%), P54833 (89.0%), Q28044 (88.3%), Q8K4Z4 (88.0%), P10608 (87.3%), P04274 (87.3%), P18762 (87.1%), B0FL73 (56.8%), P34971 (56.7%), P18090 (56.4%), P08588 (55.7%), Q28998 (54.8%), P26255 (51.9%), P13945 (51.1%), O02662 (50.8%), Q28524 (50.6%)"
P07550,low,30.0,191,100.0,"P07550 (100.0%), P54833 (89.0%), Q28044 (88.3%), Q8K4Z4 (88.0%), P10608 (87.3%), P04274 (87.3%), P18762 (87.1%), B0FL73 (56.8%), P34971 (56.7%), P18090 (56.4%), P08588 (55.7%), Q28998 (54.8%), P26255 (51.9%), P13945 (51.1%), O02662 (50.8%), Q28524 (50.6%), P08908 (46.8%), G3I1B6 (46.8%), P19327 (46.8%), P25962 (46.2%), Q64264 (41.1%), P14416 (40.8%), P61168 (40.8%), P61169 (40.8%), P31389 (40.8%), P35367 (40.5%), P70174 (40.5%), P30728 (40.3%), Q8MI13 (39.6%), P79399 (39.3%), P31390 (39.2%), P20288 (39.0%), P21728 (38.3%), Q9GJU1 (38.1%), P50130 (38.0%), P25100 (38.0%), P35406 (37.9%), P97714 (37.8%), O02824 (37.2%), P18130 (36.8%), O70528 (36.8%), P21918 (36.8%), P23944 (36.7%), P52702 (36.4%), Q95136 (36.4%), Q61616 (36.3%), Q62758 (36.2%), P97288 (36.1%), P97718 (36.1%), Q8BLD9 (36.1%), P35363 (35.9%), Q6Q253 (35.9%), P21917 (35.8%), P43140 (35.8%), P18901 (35.7%), Q28838 (35.7%), G3HDX1 (35.6%), P35462 (35.6%), P32745 (35.6%), P25115 (35.5%), Q9TSW7 (35.4%), P97266 (35.4%), P30545 (35.3%), P19328 (35.3%), P97717 (35.3%), P18841 (35.2%), P22086 (35.1%), Q01337 (35.1%), P18825 (35.1%), P35368 (35.0%), P15823 (35.0%), Q60484 (35.0%), P34980 (34.9%), Q13639 (34.8%), Q05639 (34.7%), P08912 (34.5%), P18089 (34.4%), P08482 (34.4%), P12657 (34.4%), P11229 (34.4%), P35348 (34.3%), O14804 (34.3%), P08913 (34.2%), Q28838 (34.2%), Q923X8 (34.2%), P30545 (34.1%), P19328 (34.1%), P30728 (34.0%), P19020 (34.0%), P18871 (34.0%), P28221 (33.9%), Q5QD14 (33.9%), P19327 (33.8%), G3I1B6 (33.8%), P08913 (33.7%), P20288 (33.6%), P18089 (33.5%), P14416 (33.5%), P50407 (33.3%), P22909 (33.3%), Q01338 (33.3%), P22086 (33.2%), Q01337 (33.2%), P61168 (33.2%), P61169 (33.2%), P28335 (33.1%), P28565 (33.1%), Q61224 (33.1%), P32304 (33.0%), P32305 (33.0%), Q9GJU1 (33.0%), P22909 (32.9%), P18871 (32.9%), P32745 (32.8%), P28564 (32.7%), P34969 (32.7%), Q60F97 (32.6%), P28566 (32.5%), P16395 (32.5%), Q9NG02 (32.5%), P46636 (32.4%), Q9ERZ3 (32.4%), P31389 (32.2%), P30939 (32.2%), P35367 (32.1%), P28334 (32.1%), P08908 (32.1%), Q9R1C8 (32.0%), P08483 (32.0%), Q9ERZ3 (32.0%), P20309 (32.0%), O08892 (32.0%), P31388 (31.9%), P34968 (31.9%), P18825 (31.9%), Q02284 (31.9%), P32302 (31.9%), P20309 (31.9%), P08909 (31.8%), P43115 (31.8%), P19020 (31.7%), P47747 (31.7%), P52702 (31.7%), Q8CIM5 (31.7%), P30940 (31.6%), Q923Y9 (31.6%), Q96RJ0 (31.6%), P79400 (31.5%), Q923Y8 (31.5%), Q9QYN8 (31.5%), P29275 (31.4%), P28570 (31.4%), Q8VIH9 (31.3%), P50129 (31.3%), P70174 (31.2%), P50128 (31.2%), P28223 (31.2%), P35383 (31.1%), Q64264 (31.1%), Q8VH26 (31.1%), P25102 (31.1%), Q75Z89 (31.0%), P25021 (31.0%), Q8HZ64 (30.9%), P49684 (30.9%), Q9ERT1 (30.8%), P35462 (30.8%), P29274 (30.7%), P31390 (30.6%), P32211 (30.5%), P41595 (30.4%), Q8VH26 (30.4%), P06199 (30.4%), P08172 (30.4%), Q15761 (30.4%), P58406 (30.3%), P08483 (30.3%), P28222 (30.3%), Q9N2B7 (30.3%), Q9NQS5 (30.3%), P35363 (30.2%), P14842 (30.2%), P30542 (30.2%), A8K2H7 (30.2%), Q16581 (30.2%), Q8VH25 (30.2%), Q9UKP6 (30.1%), P08911 (30.1%), Q920H4 (30.1%), P49892 (30.0%), P08485 (30.0%)"
Q96F85,high,70.0,0,0.0,
Q96F85,medium,50.0,1,50.0,Q13427 (50.0%)
Q96F85,low,30.0,8,50.0,"Q13427 (50.0%), Q8IV61 (42.9%), Q9Z2X8 (40.0%), Q86Y97 (38.5%), Q14145 (37.1%), Q9Y618 (36.6%), Q13464 (34.9%), Q9WUD2 (30.3%)"
P34972,high,70.0,3,100.0,"P34972 (100.0%), P47936 (82.7%), Q9QZN9 (81.1%)"
P34972,medium,50.0,3,100.0,"P34972 (100.0%), P47936 (82.7%), Q9QZN9 (81.1%)"
P34972,low,30.0,77,100.0,"P34972 (100.0%), P47936 (82.7%), Q9QZN9 (81.1%), P20272 (46.3%), P47746 (46.3%), P21554 (44.6%), P26255 (41.5%), Q56D28 (38.0%), B0FL73 (37.1%), P34976 (37.1%), P30555 (37.1%), P30556 (37.1%), P25104 (37.1%), P49652 (36.5%), P25095 (36.1%), P29089 (36.1%), P16395 (35.6%), Q9WV26 (35.5%), Q8IYL9 (35.3%), Q62053 (34.9%), P08588 (34.7%), P20309 (34.5%), Q8VH26 (34.5%), O60755 (34.0%), Q9GZQ6 (33.9%), P56483 (33.9%), P0DMS8 (33.6%), P08483 (33.3%), Q9ERZ3 (33.3%), P21917 (33.3%), Q86831 (33.3%), P46095 (33.0%), Q28309 (32.8%), Q62928 (32.8%), A6QR73 (32.7%), P03354 (32.6%), P49651 (32.3%), P47900 (32.3%), Q9H3N8 (32.1%), P21918 (31.9%), O88536 (31.7%), P43116 (31.7%), O43613 (31.6%), Q91ZY3 (31.6%), P47898 (31.4%), Q61224 (31.2%), P28565 (31.2%), P31389 (31.1%), P28190 (30.9%), Q4VQ11 (30.9%), O88855 (30.9%), P08913 (30.8%), Q91ZY1 (30.8%), P25116 (30.7%), P28566 (30.6%), P08483 (30.6%), P11362 (30.5%), P31388 (30.3%), Q9ERZ3 (30.3%), P58406 (30.3%), Q9JI35 (30.3%), Q9QYN8 (30.3%), Q865E1 (30.3%), Q9Y5N1 (30.3%), P32307 (30.3%), P20309 (30.3%), Q9H228 (30.2%), P56481 (30.2%), O95977 (30.2%), P16395 (30.2%), P30542 (30.1%), P31390 (30.1%), P18871 (30.1%), Q28838 (30.1%), P35367 (30.0%), Q4QXU5 (30.0%), Q96LB1 (30.0%)"
P11229,high,70.0,8,100.0,"P11229 (100.0%), P12657 (98.9%), P08482 (98.7%), Q8WMX0 (97.1%), Q920H4 (74.9%), P08911 (73.5%), P08911 (71.6%), Q920H4 (71.6%)"
P11229,medium,50.0,15,100.0,"P11229 (100.0%), P12657 (98.9%), P08482 (98.7%), Q8WMX0 (97.1%), Q920H4 (74.9%), P08911 (73.5%), P08911 (71.6%), Q920H4 (71.6%), P16395 (62.4%), P16395 (53.1%), P08912 (51.9%), P20309 (51.7%), P08483 (51.7%), Q9ERZ3 (50.6%), Q8VH26 (50.2%)"
P11229,low,30.0,316,100.0,"P11229 (100.0%), P12657 (98.9%), P08482 (98.7%), Q8WMX0 (97.1%), Q920H4 (74.9%), P08911 (73.5%), P08911 (71.6%), Q920H4 (71.6%), P16395 (62.4%), P16395 (53.1%), P08912 (51.9%), P20309 (51.7%), P08483 (51.7%), Q9ERZ3 (50.6%), Q8VH26 (50.2%), Q8VH25 (48.6%), P32211 (48.2%), P08173 (48.0%), P08485 (48.0%), P10980 (47.2%), Q9ERZ4 (46.9%), P08172 (46.7%), P06199 (46.2%), Q8VH27 (45.7%), O15297 (45.0%), G3HDX1 (43.5%), Q9QYN8 (39.9%), P58406 (39.9%), Q9Y5N1 (39.3%), Q4VQ11 (38.9%), P47747 (38.8%), P32304 (38.7%), P32305 (38.7%), P34969 (38.7%), P50407 (38.7%), Q28998 (38.6%), Q865E1 (38.5%), Q60484 (38.4%), P34971 (38.4%), P18090 (38.4%), Q7TQN8 (38.1%), P08588 (37.9%), Q9EP86 (37.9%), G7Q3P2 (37.7%), Q8TDV5 (37.7%), P49892 (37.5%), Q6Y3N0 (37.5%), P79400 (37.4%), P28565 (37.4%), Q61224 (37.4%), Q0VC81 (37.3%), P35342 (37.3%), P28647 (37.3%), Q61618 (37.3%), P29274 (37.2%), P26255 (36.9%), O02662 (36.8%), Q6Q253 (36.6%), Q533H1 (36.6%), Q8VIH9 (36.6%), P18762 (36.5%), P04274 (36.5%), P08909 (36.5%), P34968 (36.5%), P18841 (36.4%), P15823 (36.4%), P35368 (36.4%), P97717 (36.4%), P50406 (36.4%), P49683 (36.4%), P04201 (36.4%), P25962 (36.3%), P28221 (36.3%), P25021 (36.2%), P26255 (36.1%), P97288 (36.0%), Q13639 (36.0%), Q62758 (36.0%), Q8VHW5 (35.9%), Q60613 (35.9%), Q8HYC3 (35.7%), P49684 (35.7%), Q9UKP6 (35.7%), O70528 (35.5%), Q923Y9 (35.5%), A0A8C0THM6 (35.5%), Q8K4Z4 (35.4%), P20272 (35.2%), P47746 (35.2%), P21554 (35.2%), B0FL73 (35.2%), P25115 (35.2%), Q8BLD9 (35.2%), P31388 (35.1%), P34981 (35.1%), P34969 (35.0%), A0A286XTF2 (34.9%), F1N083 (34.9%), F7HEV7 (34.9%), P41143 (34.9%), P33533 (34.9%), E1BKU0 (34.9%), P47745 (34.9%), P30966 (34.7%), P35365 (34.7%), P0DMS8 (34.7%), P34970 (34.6%), P35364 (34.6%), Q64326 (34.6%), P35372 (34.5%), P79350 (34.5%), P33535 (34.5%), Q8CGM4 (34.5%), P42866 (34.5%), P21918 (34.4%), P07550 (34.4%), Q8WXS5 (34.4%), P28190 (34.3%), Q28524 (34.3%), O35881 (34.2%), O02667 (34.2%), P49681 (34.1%), P13945 (34.1%), P46616 (34.0%), P30543 (34.0%), P32304 (33.9%), P32305 (33.9%), P46092 (33.8%), Q7TQP3 (33.8%), P30542 (33.7%), P28190 (33.7%), P47745 (33.7%), P79399 (33.7%), P18825 (33.6%), P30542 (33.5%), Q9JI35 (33.3%), Q28524 (33.3%), P50407 (33.3%), Q28309 (33.3%), P41145 (33.3%), P32300 (33.3%), A6I4C9 (33.3%), A0A1U8CD06 (33.3%), Q969V1 (33.3%), Q9JL21 (33.3%), Q60612 (33.1%), P25099 (33.1%), Q15077 (33.0%), P25100 (33.0%), P41597 (33.0%), Q8MI13 (33.0%), Q9H228 (33.0%), P30936 (32.9%), P30935 (32.9%), Q63371 (32.9%), P47898 (32.8%), Q9JL06 (32.7%), Q5KSK8 (32.7%), P97266 (32.7%), P21917 (32.6%), P50406 (32.6%), Q8MHZ5 (32.6%), P28221 (32.5%), Q923Y9 (32.5%), B3DH72 (32.4%), Q9QZN9 (32.4%), P47936 (32.4%), P25102 (32.4%), Q9NPC1 (32.4%), Q8BZP8 (32.3%), P0C0L6 (32.3%), Q60F97 (32.3%), P34970 (32.3%), Q60612 (32.3%), P25099 (32.3%), P32745 (32.3%), Q4VQ11 (32.2%), P29276 (32.2%), P51675 (32.1%), Q2V0Q7 (32.1%), P30551 (32.1%), O08786 (32.1%), Q63931 (32.1%), P32238 (32.1%), Q4L144 (32.1%), P56483 (32.1%), Q9BDS8 (32.1%), Q9R1C8 (32.1%), Q8MJ89 (32.1%), Q8JZL2 (32.1%), P97639 (32.1%), Q99705 (32.1%), P33766 (32.1%), B6F061 (32.1%), P51582 (32.0%), P79291 (32.0%), Q923Y8 (32.0%), P47898 (31.9%), Q92633 (31.9%), Q9HBW0 (31.9%), Q33BM1 (31.9%), Q6XKD3 (31.9%), Q9R1C8 (31.9%), P21728 (31.8%), O08725 (31.8%), Q99P50 (31.8%), Q92847 (31.8%), P31388 (31.8%), P35406 (31.8%), P25115 (31.7%), P30553 (31.7%), Q9BPV8 (31.7%), Q7TQN9 (31.7%), Q9GZQ6 (31.7%), P41968 (31.6%), Q9UNW8 (31.6%), P35348 (31.5%), A8K2H7 (31.5%), Q16581 (31.5%), Q95136 (31.5%), P25021 (31.5%), P25102 (31.5%), P10608 (31.5%), P25962 (31.5%), G7Q3P2 (31.5%), Q8TDS5 (31.5%), O75388 (31.5%), O35881 (31.4%), P49892 (31.4%), P16235 (31.4%), P48145 (31.4%), P32239 (31.4%), O95977 (31.2%), P32657 (31.2%), P18901 (31.2%), O02667 (31.2%), P35406 (31.2%), B3DH72 (31.2%), P30552 (31.1%), O88634 (31.1%), Q99788 (31.1%), P35346 (31.1%), P23944 (31.1%), P50130 (31.1%), Q01718 (31.0%), Q9JJL9 (31.0%), Q60614 (31.0%), P97468 (31.0%), P32246 (31.0%), P13945 (30.9%), Q01727 (30.8%), O70528 (30.8%), P35367 (30.8%), P79400 (30.8%), E1BKU0 (30.8%), G3V906 (30.8%), P21462 (30.8%), Q8BFU7 (30.8%), Q8IYL9 (30.8%), Q76JV1 (30.8%), Q61616 (30.7%), P97717 (30.7%), Q28044 (30.7%), P29275 (30.7%), P97714 (30.7%), P30098 (30.7%), P30966 (30.7%), Q9MYW9 (30.7%), Q5QD14 (30.7%), O14804 (30.7%), P97468 (30.7%), P61793 (30.7%), P61794 (30.7%), P21728 (30.6%), P50130 (30.6%), Q0VC81 (30.6%), O08556 (30.5%), Q9H1C0 (30.5%), P32307 (30.5%), P21918 (30.4%), P47747 (30.4%), O95136 (30.4%), Q6W5P4 (30.4%), P30989 (30.4%), P51682 (30.4%), O95665 (30.4%), Q99527 (30.4%), B6F061 (30.4%), Q9Y5X5 (30.4%), Q924H0 (30.4%), P49660 (30.3%), Q99500 (30.3%), Q4L144 (30.3%), Q28044 (30.3%), P33033 (30.3%), P32244 (30.3%), P31390 (30.2%), P70174 (30.2%), P28564 (30.2%), P30937 (30.2%), Q61618 (30.2%), W5VNF7 (30.2%), P97288 (30.2%), A8K2H7 (30.1%), Q16581 (30.1%), P31389 (30.1%), Q96RJ0 (30.1%), P29275 (30.1%), Q9NS67 (30.1%), P97520 (30.1%), P28565 (30.0%), P28647 (30.0%), Q9ERK9 (30.0%), Q28642 (30.0%), P25023 (30.0%), P49683 (30.0%)"
P08172,high,70.0,5,100.0,"P08172 (100.0%), P06199 (97.4%), Q9ERZ4 (96.4%), P10980 (96.4%), Q8VH27 (95.2%)"
P08172,medium,50.0,11,100.0,"P08172 (100.0%), P06199 (97.4%), Q9ERZ4 (96.4%), P10980 (96.4%), Q8VH27 (95.2%), P16395 (59.4%), P08173 (58.6%), P08485 (58.4%), Q8VH25 (58.4%), P32211 (58.3%), P16395 (57.6%)"
P08172,low,30.0,290,100.0,"P08172 (100.0%), P06199 (97.4%), Q9ERZ4 (96.4%), P10980 (96.4%), Q8VH27 (95.2%), P16395 (59.4%), P08173 (58.6%), P08485 (58.4%), Q8VH25 (58.4%), P32211 (58.3%), P16395 (57.6%), Q1ZY22 (46.9%), P11229 (46.0%), P08482 (45.9%), P12657 (45.7%), P20309 (44.6%), P08911 (44.1%), P08483 (44.1%), Q8VH26 (43.9%), Q920H4 (43.8%), P08912 (43.5%), Q9ERZ3 (43.4%), P69332 (39.4%), Q9IP65 (39.4%), Q8VIH9 (39.0%), Q9JJL9 (38.9%), Q9NPC1 (38.9%), P79399 (38.8%), P79400 (38.3%), Q13639 (38.2%), Q62758 (38.2%), Q9N2B7 (38.1%), P28222 (38.1%), P28564 (38.1%), P28334 (38.1%), O08892 (38.1%), P46636 (38.1%), P34969 (37.9%), P50407 (37.9%), O35881 (37.8%), Q02284 (37.8%), P43140 (37.7%), Q91ZY1 (37.7%), P30940 (37.5%), P61813 (37.5%), P61814 (37.5%), P51681 (37.5%), Q96RI0 (37.5%), P28564 (37.0%), Q533H1 (36.6%), Q9UKP6 (36.6%), P28334 (36.5%), P46636 (36.5%), P25106 (36.4%), P11613 (36.4%), P97639 (36.2%), Q8JZL2 (36.2%), Q9R0Q2 (35.8%), P28566 (35.7%), O08892 (35.6%), P28222 (35.5%), Q9QYN8 (35.5%), P31388 (35.4%), P50406 (35.4%), Q9N2B7 (35.4%), Q8MJ89 (35.2%), Q99705 (35.2%), Q8CIP3 (35.1%), Q8HZ64 (35.1%), Q8BLD9 (35.0%), Q9JI35 (35.0%), P35406 (34.8%), Q02152 (34.8%), Q61224 (34.8%), O00398 (34.8%), B6F061 (34.7%), P32304 (34.7%), P32305 (34.7%), Q9QYN8 (34.6%), P58406 (34.6%), P28221 (34.5%), P35406 (34.5%), P28565 (34.4%), Q9JI35 (34.4%), P58406 (34.4%), Q5QD14 (34.4%), P18901 (34.4%), Q923X8 (34.4%), P51682 (34.4%), O08556 (34.4%), Q8MJW8 (34.4%), P25102 (34.3%), P25021 (34.3%), P21728 (34.2%), Q9R1C8 (34.2%), P26255 (34.1%), O02662 (34.1%), Q923X8 (34.0%), P30939 (34.0%), P32305 (33.9%), Q9EQD2 (33.9%), Q95136 (33.9%), Q61616 (33.9%), Q62805 (33.8%), P31391 (33.8%), P30937 (33.8%), P49660 (33.8%), P46095 (33.6%), P97717 (33.5%), Q865E1 (33.5%), Q9Y5N1 (33.5%), Q865E1 (33.3%), Q9Y5N1 (33.3%), Q60484 (33.3%), P18901 (33.3%), P34969 (33.3%), Q95136 (33.3%), P50130 (33.3%), P50407 (33.3%), P14842 (33.3%), P35363 (33.3%), P28565 (33.3%), P51436 (33.3%), P30729 (33.3%), O14804 (33.3%), P47748 (33.3%), E1BKU0 (33.3%), P41595 (33.2%), Q9Y5X5 (33.1%), Q924H0 (33.1%), P25102 (33.0%), P32304 (33.0%), P35342 (32.9%), Q9H3N8 (32.9%), P25115 (32.7%), P30939 (32.7%), P21917 (32.6%), P28221 (32.6%), P30542 (32.5%), P21917 (32.5%), Q96RJ0 (32.5%), Q9BXC1 (32.4%), P56481 (32.4%), G7Q3P2 (32.4%), O43614 (32.3%), P56719 (32.3%), P58308 (32.3%), P15823 (32.3%), P35368 (32.3%), P18841 (32.3%), Q61224 (32.3%), Q9GZQ6 (32.3%), P49287 (32.3%), Q8R4G1 (32.2%), P25962 (32.1%), P35370 (32.1%), P35377 (32.1%), Q969V1 (32.1%), Q4VQ11 (32.1%), Q75Z89 (32.0%), P50128 (32.0%), P28223 (32.0%), O46635 (32.0%), P50129 (32.0%), P30729 (32.0%), P18825 (32.0%), P50130 (32.0%), P32244 (32.0%), P33033 (32.0%), Q91ZY1 (32.0%), Q63931 (31.9%), P32238 (31.9%), P97718 (31.9%), Q8BFU7 (31.9%), P49219 (31.9%), P30543 (31.9%), P35346 (31.8%), A6IZR3 (31.8%), Q9R1L2 (31.7%), G3HDX1 (31.7%), P48145 (31.7%), P46089 (31.7%), Q8BLD9 (31.7%), P25115 (31.7%), P21728 (31.7%), P25021 (31.7%), Q28524 (31.6%), P13945 (31.6%), P10608 (31.6%), P34971 (31.6%), P18090 (31.6%), B0FL73 (31.5%), P51436 (31.5%), Q9H3N8 (31.5%), P21918 (31.5%), Q60613 (31.4%), Q01718 (31.4%), P46939 (31.4%), P41146 (31.3%), Q6XKD3 (31.3%), P25962 (31.2%), Q4L144 (31.2%), Q76EI6 (31.2%), Q8VCK6 (31.2%), P30551 (31.2%), O08786 (31.2%), P08588 (31.2%), P30994 (31.1%), Q8K4Z4 (31.1%), Q9ESG6 (31.1%), P47747 (31.1%), P49286 (31.1%), Q9EP86 (31.0%), P41968 (31.0%), P34971 (31.0%), P18090 (31.0%), P21918 (31.0%), P41144 (31.0%), P30680 (31.0%), Q6Q253 (30.9%), P34968 (30.9%), P49652 (30.9%), P47211 (30.9%), Q9JJL9 (30.9%), Q28998 (30.9%), P20789 (30.9%), O88319 (30.9%), P35383 (30.8%), P41232 (30.8%), P47747 (30.8%), Q02284 (30.8%), P29275 (30.8%), Q60614 (30.8%), P29276 (30.8%), Q5QD14 (30.7%), Q0VC81 (30.7%), Q8IYL9 (30.7%), O88855 (30.7%), P25100 (30.6%), P34970 (30.6%), Q60612 (30.6%), P25099 (30.6%), P47745 (30.6%), P28566 (30.6%), Q60F97 (30.6%), P61073 (30.6%), P79394 (30.6%), P0DMS8 (30.5%), P21761 (30.5%), Q01717 (30.5%), P34981 (30.5%), A0A8C0THM6 (30.5%), P35348 (30.4%), P18130 (30.4%), Q9TSW7 (30.4%), Q8IZ08 (30.4%), Q9GZQ6 (30.4%), Q9Y5Y4 (30.4%), P07550 (30.4%), P70536 (30.3%), P97926 (30.3%), Q61616 (30.3%), A0A286XTF2 (30.3%), F1N083 (30.3%), F7HEV7 (30.3%), P41143 (30.3%), Q4L144 (30.3%), P04274 (30.2%), P30966 (30.2%), Q60484 (30.2%), P28190 (30.2%), P26255 (30.2%), O54798 (30.1%), P25100 (30.1%), P97714 (30.1%), P23944 (30.1%), Q9Z2J6 (30.1%), P08588 (30.1%), Q7TQN8 (30.1%), Q7TQP3 (30.1%), Q15722 (30.1%), P31390 (30.0%), P18130 (30.0%), O02824 (30.0%), P30940 (30.0%), O70528 (30.0%), P28646 (30.0%), P30873 (30.0%), P30872 (30.0%), Q9HBW0 (30.0%)"
P20309,high,70.0,4,100.0,"P20309 (100.0%), P08483 (91.7%), Q9ERZ3 (91.7%), Q8VH26 (91.5%)"
P20309,medium,50.0,20,100.0,"P20309 (100.0%), P08483 (91.7%), Q9ERZ3 (91.7%), Q8VH26 (91.5%), P08173 (66.4%), P08173 (62.7%), Q8VH25 (62.7%), P08485 (62.6%), Q8VH25 (62.1%), P08485 (61.8%), P16395 (59.8%), P16395 (59.8%), Q920H4 (53.7%), P08912 (53.7%), P08911 (53.1%), P20395 (52.0%), F5A8F7 (52.0%), P08482 (51.5%), P12657 (51.5%), P11229 (51.2%)"
P20309,low,30.0,386,100.0,"P20309 (100.0%), P08483 (91.7%), Q9ERZ3 (91.7%), Q8VH26 (91.5%), P08173 (66.4%), P08173 (62.7%), Q8VH25 (62.7%), P08485 (62.6%), Q8VH25 (62.1%), P08485 (61.8%), P16395 (59.8%), P16395 (59.8%), Q920H4 (53.7%), P08912 (53.7%), P08911 (53.1%), P20395 (52.0%), F5A8F7 (52.0%), P08482 (51.5%), P12657 (51.5%), P11229 (51.2%), G3HDX1 (48.0%), O08530 (46.7%), P48303 (46.7%), H9EUW9 (46.7%), P21453 (46.7%), P32211 (45.2%), P08172 (44.6%), Q8VH27 (44.2%), P06199 (44.0%), Q9ERZ4 (43.8%), P10980 (43.8%), P34978 (43.3%), P30987 (43.3%), P61169 (42.7%), P52702 (42.7%), P61168 (42.7%), P14416 (42.7%), P20288 (42.7%), Q9GJU1 (41.7%), Q6Q253 (41.7%), Q62758 (41.0%), P30939 (40.9%), O70528 (40.4%), Q13639 (40.4%), P35367 (40.0%), P97288 (39.8%), Q9IP65 (39.3%), Q02284 (39.1%), P30940 (39.1%), P34970 (38.9%), P28221 (38.7%), Q9NG02 (38.6%), Q64264 (38.4%), P19327 (38.4%), G3I1B6 (38.4%), Q9QYN8 (38.3%), Q96RI0 (38.1%), A8K2H7 (37.9%), Q16581 (37.9%), P28564 (37.9%), O43193 (37.8%), Q02284 (37.6%), P28334 (37.5%), P46636 (37.5%), P30542 (37.5%), P49892 (37.5%), P28190 (37.5%), Q4VQ11 (37.5%), P58406 (37.4%), Q9JI35 (37.4%), P04274 (37.3%), P32304 (37.3%), P32305 (37.3%), P34969 (37.3%), P50407 (37.3%), Q9JI35 (37.2%), E1BKU0 (36.9%), Q9ESG6 (36.6%), O35881 (36.6%), Q9QYN8 (36.4%), P58406 (36.4%), P28566 (36.4%), P28565 (36.4%), Q61224 (36.4%), P25099 (36.1%), Q60612 (36.1%), P47745 (36.1%), Q9Y5N1 (36.1%), P34969 (35.9%), Q865E1 (35.8%), P32304 (35.6%), P32305 (35.6%), P50407 (35.6%), P08908 (35.5%), Q865E1 (35.5%), Q9Y5N1 (35.5%), P69332 (35.5%), P18841 (35.5%), P15823 (35.5%), P35368 (35.5%), P97717 (35.5%), P28647 (35.4%), Q60613 (35.3%), P30939 (35.2%), Q9N2B7 (35.2%), P28222 (35.2%), P35367 (35.2%), Q01727 (35.1%), Q28044 (35.0%), P28566 (34.9%), Q9JL06 (34.9%), Q9UNW8 (34.9%), P30730 (34.9%), P35406 (34.8%), P30940 (34.8%), P21728 (34.7%), P50130 (34.7%), Q95136 (34.7%), P79400 (34.7%), P30542 (34.7%), P34970 (34.7%), P32249 (34.6%), P23945 (34.5%), P34972 (34.5%), P42866 (34.5%), P35372 (34.5%), P79350 (34.5%), P33535 (34.5%), Q8CGM4 (34.5%), Q8BLD9 (34.4%), P29274 (34.3%), O08892 (34.3%), Q64264 (34.3%), Q60484 (34.1%), P35342 (34.1%), P28190 (34.1%), P46616 (34.1%), P35342 (34.1%), P18901 (34.1%), P20272 (34.1%), P47746 (34.1%), P21554 (34.1%), P34968 (34.0%), P18762 (34.0%), Q9H3N8 (34.0%), O02662 (33.9%), P25099 (33.9%), Q60612 (33.9%), P47745 (33.9%), Q91ZY3 (33.8%), E1BKU0 (33.8%), P21917 (33.8%), Q01718 (33.8%), P34981 (33.7%), P21761 (33.7%), Q01717 (33.7%), Q92633 (33.7%), Q61616 (33.7%), P08909 (33.7%), P14842 (33.7%), P35363 (33.7%), P21554 (33.6%), P50129 (33.5%), P08908 (33.3%), O46635 (33.3%), P31388 (33.3%), P35365 (33.3%), Q923X8 (33.3%), P41146 (33.3%), P20272 (33.3%), P47746 (33.3%), Q2V0Q7 (33.3%), Q969V1 (33.3%), O02667 (33.1%), P30543 (33.1%), Q60613 (33.1%), P47747 (33.1%), P35462 (33.0%), P30728 (33.0%), P19020 (33.0%), P52703 (33.0%), P10608 (33.0%), P54833 (33.0%), P30543 (33.0%), W5VNF7 (33.0%), P28221 (33.0%), B0FL73 (33.0%), Q9HBW0 (33.0%), Q923Y8 (33.0%), Q0VC81 (32.9%), Q28309 (32.9%), G7Q3P2 (32.9%), Q8TDV5 (32.9%), P30551 (32.8%), Q7TQN8 (32.8%), P30966 (32.8%), P35364 (32.8%), Q9NG02 (32.8%), O02824 (32.7%), Q60F97 (32.7%), H9EUW9 (32.7%), P19327 (32.7%), P50128 (32.6%), P28223 (32.6%), P14842 (32.6%), P35363 (32.6%), P61793 (32.6%), P61794 (32.6%), Q6Y3N0 (32.6%), O14804 (32.5%), Q91ZY1 (32.5%), Q9BDS8 (32.5%), G3I1B6 (32.4%), Q91ZY2 (32.4%), Q02152 (32.4%), Q02152 (32.4%), Q9HC97 (32.4%), P50129 (32.3%), Q75Z89 (32.3%), P50128 (32.3%), P28223 (32.3%), Q9R1C8 (32.3%), P22909 (32.3%), Q01338 (32.3%), P26255 (32.2%), Q91ZY3 (32.2%), P22909 (32.1%), Q01338 (32.1%), O08565 (32.1%), O08786 (32.1%), P25962 (32.1%), P32244 (32.1%), O46635 (32.1%), Q91ZY1 (32.1%), Q9ERK9 (32.1%), P79400 (32.0%), P07550 (32.0%), P30994 (32.0%), Q8K4Z4 (32.0%), O08530 (32.0%), P48303 (32.0%), P21453 (32.0%), P47898 (31.9%), P34971 (31.9%), P18090 (31.9%), O00398 (31.9%), P07550 (31.9%), P35406 (31.9%), P41595 (31.8%), P30556 (31.8%), P34971 (31.8%), P18090 (31.8%), Q923Y9 (31.8%), G7PWB2 (31.8%), O43614 (31.7%), P56719 (31.7%), P58308 (31.7%), Q99500 (31.7%), P49681 (31.7%), P49892 (31.7%), Q96RJ0 (31.7%), Q75Z89 (31.7%), Q64326 (31.6%), Q01726 (31.6%), Q28524 (31.6%), P28335 (31.6%), P51675 (31.6%), Q9ESG6 (31.6%), P49219 (31.5%), Q99788 (31.5%), Q28838 (31.5%), P18871 (31.5%), P08913 (31.5%), P30994 (31.4%), P30555 (31.4%), Q9WV08 (31.4%), Q9JHG3 (31.4%), P70658 (31.4%), P25095 (31.4%), Q60484 (31.4%), Q9WV26 (31.4%), P34976 (31.4%), Q63931 (31.4%), P32238 (31.4%), Q61616 (31.4%), P18901 (31.4%), Q28838 (31.3%), P08913 (31.3%), Q15077 (31.3%), P25100 (31.3%), P29089 (31.3%), P13945 (31.2%), P34981 (31.2%), P21761 (31.2%), Q6XKD3 (31.2%), Q91ZY2 (31.2%), P56483 (31.2%), Q99104 (31.2%), Q9H3N8 (31.1%), P47898 (31.1%), P08588 (31.1%), Q28998 (31.1%), P47936 (31.1%), Q533H1 (31.1%), P21728 (31.1%), P97717 (31.1%), A6IZR3 (31.0%), Q9JJL9 (31.0%), Q9NPC1 (31.0%), P32300 (31.0%), P33533 (31.0%), P33033 (31.0%), A6I4C9 (31.0%), P25104 (30.9%), P23944 (30.9%), P18762 (30.9%), P25021 (30.9%), P41968 (30.9%), P50406 (30.8%), Q4VQ11 (30.8%), O70528 (30.8%), P30937 (30.8%), Q63371 (30.8%), P10608 (30.7%), Q8HZ64 (30.7%), Q9MYW9 (30.7%), P0DMS8 (30.7%), O35811 (30.7%), Q28998 (30.7%), Q95136 (30.6%), Q60F97 (30.6%), P11613 (30.6%), P18841 (30.6%), P15823 (30.6%), Q01717 (30.6%), Q9R1C8 (30.6%), O60755 (30.6%), Q6L5J4 (30.5%), P28335 (30.5%), P49660 (30.5%), O08556 (30.5%), Q01337 (30.5%), P22086 (30.5%), P35345 (30.5%), P30872 (30.4%), Q9Y5Y4 (30.4%), O14804 (30.4%), P97639 (30.4%), Q8JZL2 (30.4%), P41149 (30.4%), P54833 (30.3%), Q923Y9 (30.3%), P28565 (30.3%), P29275 (30.3%), P30547 (30.3%), P97468 (30.3%), O43613 (30.3%), P97520 (30.2%), O43193 (30.2%), P25102 (30.2%), P50130 (30.2%), P49288 (30.2%), Q8MI13 (30.2%), P30729 (30.2%), A0A8C0THM6 (30.2%), P25102 (30.1%), P70596 (30.1%), P56450 (30.1%), P97714 (30.1%), Q9QZN9 (30.1%), Q5KSK8 (30.1%), P18130 (30.1%), P43140 (30.1%), P97288 (30.1%), Q13639 (30.1%), P25115 (30.1%), Q923X8 (30.1%), P34972 (30.1%), P18825 (30.0%), P13945 (30.0%), P32745 (30.0%), P30935 (30.0%), P30936 (30.0%), Q9H228 (30.0%), Q6XKD3 (30.0%), Q9JL21 (30.0%)"
Q9GZZ6,high,70.0,2,100.0,"Q9GZZ6 (100.0%), Q9JLB5 (90.0%)"
Q9GZZ6,medium,50.0,4,100.0,"Q9GZZ6 (100.0%), Q9JLB5 (90.0%), P43144 (55.6%), Q9UGM1 (55.4%)"
Q9GZZ6,low,30.0,86,100.0,"Q9GZZ6 (100.0%), Q9JLB5 (90.0%), P43144 (55.6%), Q9UGM1 (55.4%), Q5F2K2 (45.0%), E0WN35 (43.7%), Q9W3G6 (43.7%), P09478 (43.5%), A4GXC7 (43.5%), P09483 (42.5%), O70174 (42.4%), P17644 (42.3%), P91764 (42.2%), P43681 (42.1%), Q7KT97 (42.0%), A9XFY4 (41.7%), P09482 (40.5%), P09482 (40.3%), P07510 (40.1%), Q5F2K3 (39.2%), E0WN35 (39.2%), Q9W3G6 (39.2%), P04760 (39.2%), P36544 (38.9%), O46128 (38.8%), P22770 (38.6%), Q866A2 (38.6%), H6TY12 (38.6%), Q05941 (38.4%), P49582 (38.4%), P54131 (38.4%), M9NE13 (38.2%), Q5F2K1 (37.5%), P30926 (36.7%), Q9U940 (36.6%), Q04844 (36.5%), P30532 (36.5%), Q8BMN3 (36.3%), P12391 (36.2%), Q15822 (36.2%), P12392 (36.1%), P20420 (36.1%), Q9U941 (36.0%), Q91X60 (35.9%), P43681 (35.7%), Q2MKA5 (35.6%), Q8R493 (35.6%), P12389 (35.6%), P02708 (35.5%), Q05901 (35.5%), P02718 (35.4%), P25162 (35.4%), P25108 (35.4%), P04756 (35.4%), P32297 (35.3%), Q15825 (35.0%), P17787 (34.5%), P04757 (34.4%), Q9ERK7 (34.4%), Q8R4G9 (34.3%), P04755 (34.2%), P12390 (34.2%), Q7KTF8 (34.0%), Q9NFX8 (33.8%), Q9R0W9 (33.8%), P02714 (33.8%), O70174 (33.8%), P43143 (33.1%), P02710 (32.7%), P11230 (32.5%), P09660 (32.5%), P02712 (32.4%), P91764 (32.4%), M9NE13 (31.7%), Q07001 (31.7%), P09690 (31.6%), P17644 (31.6%), P25109 (31.6%), P46098 (31.5%), P35563 (31.4%), P09483 (31.2%), P23979 (31.2%), P09478 (30.4%), P25110 (30.3%), P02716 (30.1%), Q8WSF8 (30.0%)"
Q9UGM1,high,70.0,2,100.0,"Q9UGM1 (100.0%), P43144 (91.2%)"
Q9UGM1,medium,50.0,4,100.0,"Q9UGM1 (100.0%), P43144 (91.2%), Q9GZZ6 (54.6%), Q9JLB5 (54.2%)"
Q9UGM1,low,30.0,78,100.0,"Q9UGM1 (100.0%), P43144 (91.2%), Q9GZZ6 (54.6%), Q9JLB5 (54.2%), E0WN35 (45.9%), Q9W3G6 (45.9%), Q5F2K2 (44.9%), O70174 (44.2%), P09483 (44.2%), P43681 (44.2%), P09482 (43.3%), P09483 (43.2%), P43681 (43.0%), P09478 (42.0%), P91764 (42.0%), O60503 (39.5%), P09482 (39.2%), O46128 (39.2%), Q9U940 (38.3%), O70174 (37.8%), H6TY12 (37.7%), P54131 (37.4%), Q9U941 (37.4%), P36544 (36.8%), Q15822 (36.7%), Q866A2 (36.7%), Q7KTF8 (36.7%), P49582 (36.5%), Q05941 (36.5%), P02708 (36.4%), P22770 (36.3%), Q15825 (36.3%), Q9R0W9 (36.1%), Q8R4G9 (36.1%), P32297 (35.9%), Q5F2K3 (35.8%), P04756 (35.7%), P25162 (35.6%), Q5F2K1 (35.6%), P43143 (35.6%), P04757 (35.5%), P20420 (35.3%), Q2MKA5 (35.3%), P25108 (35.2%), Q7KT97 (34.9%), P09478 (34.8%), Q9NFX8 (34.8%), P04755 (34.7%), Q91X60 (34.6%), P02710 (34.6%), Q05901 (34.5%), P30532 (34.5%), Q8R493 (34.4%), P12392 (34.3%), A4GXC7 (34.1%), P12390 (34.0%), P91764 (34.0%), P12389 (33.9%), A9XFY4 (33.9%), M9NE13 (33.8%), Q7KTF8 (33.8%), E0WN35 (33.8%), Q9W3G6 (33.8%), P17787 (33.5%), Q9ERK7 (33.3%), P30926 (33.2%), P12391 (33.1%), P17644 (32.9%), Q8BMN3 (32.2%), P04760 (32.0%), P07510 (31.9%), P02718 (31.6%), P02712 (31.5%), P25110 (31.3%), P02714 (31.1%), Q07001 (31.0%), P09690 (30.7%), P02716 (30.4%)"
P36544,high,70.0,6,100.0,"P36544 (100.0%), Q866A2 (99.0%), P54131 (94.6%), Q05941 (94.0%), P49582 (94.0%), P22770 (92.1%)"
P36544,medium,50.0,7,100.0,"P36544 (100.0%), Q866A2 (99.0%), P54131 (94.6%), Q05941 (94.0%), P49582 (94.0%), P22770 (92.1%), Q5F2K2 (58.1%)"
P36544,low,30.0,84,100.0,"P36544 (100.0%), Q866A2 (99.0%), P54131 (94.6%), Q05941 (94.0%), P49582 (94.0%), P22770 (92.1%), Q5F2K2 (58.1%), Q7KT97 (47.7%), A4GXC7 (47.5%), Q5F2K1 (47.1%), O70174 (47.0%), P09483 (46.9%), A9XFY4 (46.8%), E0WN35 (46.6%), Q9W3G6 (46.6%), P09478 (46.5%), P09482 (46.5%), P91764 (46.0%), Q7KTF8 (45.3%), P43681 (44.9%), P30532 (43.3%), O46128 (40.8%), Q8R493 (40.7%), Q2MKA5 (40.4%), Q15822 (40.4%), P12392 (40.0%), Q91X60 (39.7%), P30926 (39.2%), P12389 (39.2%), H6TY12 (39.0%), Q9GZZ6 (38.9%), Q9JLB5 (38.6%), P04757 (38.5%), P32297 (38.1%), P17644 (38.0%), I3VR33 (37.9%), E0WN35 (37.9%), Q9W3G6 (37.9%), Q8R4G9 (37.9%), P43143 (37.7%), Q9R0W9 (37.3%), Q9U941 (37.1%), Q5F2K3 (37.0%), Q9UGM1 (36.8%), Q15825 (36.5%), M9NE13 (36.3%), P25108 (36.3%), P04755 (36.2%), P17787 (36.2%), Q9NFX8 (36.1%), P04756 (36.1%), P12390 (35.9%), Q9ERK7 (35.9%), P43144 (35.9%), P12391 (35.8%), P02708 (35.6%), Q8BMN3 (35.6%), P25162 (35.4%), Q9U940 (34.9%), P02712 (34.8%), P02710 (34.6%), Q04844 (34.5%), Q05901 (34.0%), P20420 (33.5%), Q5VVQ6 (33.3%), P25109 (32.9%), P91764 (32.8%), Q07001 (32.8%), P43681 (32.8%), P09690 (32.6%), P11230 (32.5%), P25110 (32.0%), O95264 (31.7%), P07510 (31.7%), P09482 (31.3%), P02716 (31.3%), P09478 (31.2%), Q8WXA8 (31.1%), Q3TRM4 (31.0%), P04760 (30.9%), P09660 (30.6%), O70174 (30.5%), P09483 (30.5%), P02718 (30.5%)"
P32297,high,70.0,3,100.0,"P32297 (100.0%), Q8R4G9 (92.9%), P04757 (92.3%)"
P32297,medium,50.0,21,100.0,"P32297 (100.0%), Q8R4G9 (92.9%), P04757 (92.3%), O70174 (68.8%), P09483 (68.6%), Q15825 (67.7%), P43681 (67.2%), P09482 (66.2%), Q9R0W9 (63.3%), P43143 (62.6%), Q15822 (57.9%), O70174 (56.9%), P09483 (56.9%), P43681 (56.9%), Q91X60 (56.8%), P12389 (56.7%), P09478 (54.4%), E0WN35 (54.3%), Q9W3G6 (54.3%), P91764 (53.9%), P91764 (50.9%)"
P32297,low,30.0,84,100.0,"P32297 (100.0%), Q8R4G9 (92.9%), P04757 (92.3%), O70174 (68.8%), P09483 (68.6%), Q15825 (67.7%), P43681 (67.2%), P09482 (66.2%), Q9R0W9 (63.3%), P43143 (62.6%), Q15822 (57.9%), O70174 (56.9%), P09483 (56.9%), P43681 (56.9%), Q91X60 (56.8%), P12389 (56.7%), P09478 (54.4%), E0WN35 (54.3%), Q9W3G6 (54.3%), P91764 (53.9%), P91764 (50.9%), E0WN35 (49.2%), Q9W3G6 (49.2%), P04756 (48.8%), P25108 (48.3%), P02710 (47.7%), H6TY12 (47.5%), Q8R493 (47.4%), P12392 (47.4%), P02708 (47.3%), Q9ERK7 (47.1%), P12390 (46.9%), P17787 (46.7%), Q5F2K2 (46.6%), Q8BMN3 (46.5%), P12391 (46.3%), Q2MKA5 (46.2%), P30532 (46.1%), O46128 (46.1%), P20420 (46.0%), P30926 (45.9%), Q9NFX8 (45.7%), Q9U941 (45.5%), Q05901 (45.1%), Q9U940 (44.9%), P25162 (44.8%), P04755 (44.3%), Q5F2K3 (43.5%), P09482 (43.3%), Q9Y4D2 (43.2%), Q6WQJ1 (43.2%), P09478 (43.1%), P17644 (42.6%), M9NE13 (41.5%), Q5F2K1 (40.7%), P25110 (40.4%), Q07001 (39.7%), Q05941 (39.2%), P02716 (39.2%), P49582 (39.2%), Q866A2 (38.8%), P54131 (38.8%), P36544 (38.3%), P22770 (38.3%), P02712 (38.2%), P25109 (37.8%), Q7KT97 (37.7%), P02718 (37.4%), P09690 (37.3%), P11230 (37.3%), A9XFY4 (37.2%), Q7KTF8 (36.9%), Q26710 (36.8%), A4GXC7 (36.6%), Q04844 (36.2%), Q9UGM1 (35.7%), P43144 (35.4%), Q9GZZ6 (35.3%), P02714 (35.2%), P09660 (34.2%), P04760 (34.2%), P07510 (33.4%), Q9JLB5 (33.2%), A5X5Y0 (30.4%)"
P30532,high,70.0,3,100.0,"P30532 (100.0%), Q2MKA5 (89.5%), P20420 (89.4%)"
P30532,medium,50.0,17,100.0,"P30532 (100.0%), Q2MKA5 (89.5%), P20420 (89.4%), Q05901 (66.8%), Q8BMN3 (66.1%), P12391 (65.4%), P43681 (61.5%), O70174 (61.2%), P09483 (61.0%), P12389 (60.5%), Q91X60 (59.9%), P09482 (59.9%), E0WN35 (51.2%), Q9W3G6 (51.2%), P09478 (50.6%), P91764 (50.5%), Q5F2K3 (50.0%)"
P30532,low,30.0,90,100.0,"P30532 (100.0%), Q2MKA5 (89.5%), P20420 (89.4%), Q05901 (66.8%), Q8BMN3 (66.1%), P12391 (65.4%), P43681 (61.5%), O70174 (61.2%), P09483 (61.0%), P12389 (60.5%), Q91X60 (59.9%), P09482 (59.9%), E0WN35 (51.2%), Q9W3G6 (51.2%), P09478 (50.6%), P91764 (50.5%), Q5F2K3 (50.0%), Q15822 (49.6%), P17644 (48.9%), P04755 (47.6%), Q9R0W9 (47.1%), Q15825 (46.9%), P02708 (46.6%), P43143 (46.2%), P32297 (46.1%), P04756 (46.1%), P25108 (45.9%), P02710 (45.6%), Q5F2K2 (45.5%), Q7KT97 (44.6%), A9XFY4 (44.5%), Q8R4G9 (44.3%), O46128 (44.3%), P04757 (43.9%), P54131 (43.7%), O70174 (43.1%), P43681 (43.1%), P09483 (43.1%), P22770 (43.0%), H6TY12 (42.9%), P30926 (42.8%), P25162 (42.6%), A4GXC7 (42.4%), P36544 (42.1%), Q8R493 (42.0%), Q9U941 (42.0%), E0WN35 (41.9%), Q9W3G6 (41.9%), M9NE13 (41.9%), Q5F2K3 (41.8%), M9NE13 (41.8%), P12392 (41.8%), Q9U940 (41.7%), Q866A2 (41.4%), P17787 (40.6%), Q9ERK7 (39.8%), Q9NFX8 (39.3%), P12390 (39.2%), P09478 (38.6%), Q5F2K1 (37.7%), P17644 (36.5%), P02712 (36.5%), Q9GZZ6 (36.5%), Q9JLB5 (36.2%), P25109 (36.1%), Q91X60 (35.9%), P09690 (34.7%), P12389 (34.6%), P25110 (34.5%), P09482 (34.4%), P43144 (34.4%), P11230 (34.4%), Q07001 (34.3%), Q7KTF8 (34.3%), P02716 (34.2%), Q9UGM1 (34.0%), A9XFY4 (33.9%), Q05941 (33.7%), P49582 (33.7%), A4GXC7 (33.3%), P02718 (32.9%), Q04844 (31.5%), A0A8I3NDW2 (31.4%), P09660 (31.3%), P91764 (31.1%), Q7KT97 (31.1%), P02714 (30.8%), P04760 (30.7%), P07510 (30.7%), Q9JHJ5 (30.4%)"
Q92484,high,70.0,0,0.0,
Q92484,medium,50.0,1,55.00000000000001,Q3SZX4 (55.0%)
Q92484,low,30.0,6,55.00000000000001,"Q3SZX4 (55.0%), P42858 (42.9%), P29122 (40.5%), P50148 (40.0%), Q0VD19 (31.1%), P17405 (30.7%)"
Q06546,high,70.0,0,0.0,
Q06546,medium,50.0,1,64.51612903225806,Q16198 (64.5%)
Q06546,low,30.0,12,64.51612903225806,"Q16198 (64.5%), P78545 (44.4%), P50549 (43.1%), Q9BXA6 (39.0%), P41212 (38.8%), P11308 (36.1%), P41212 (35.8%), Q01543 (34.0%), P59539 (33.9%), P59544 (33.9%), P59540 (32.1%), P59537 (30.4%)"
P35367,high,70.0,4,100.0,"P35367 (100.0%), P31390 (78.5%), P70174 (77.9%), P31389 (72.4%)"
P35367,medium,50.0,5,100.0,"P35367 (100.0%), P31390 (78.5%), P70174 (77.9%), P31389 (72.4%), G3HDX1 (61.5%)"
P35367,low,30.0,380,100.0,"P35367 (100.0%), P31390 (78.5%), P70174 (77.9%), P31389 (72.4%), G3HDX1 (61.5%), P79399 (49.4%), P28565 (48.8%), P12657 (48.7%), P11229 (48.7%), P47211 (48.5%), Q9N2B7 (47.6%), P28222 (47.6%), Q60484 (47.5%), P28221 (47.5%), Q61224 (47.5%), P79400 (46.8%), P08588 (46.1%), Q923X8 (45.3%), G3I1B6 (45.2%), Q62805 (45.2%), P35368 (44.9%), P97717 (44.9%), P34971 (44.8%), P18090 (44.8%), Q28998 (44.8%), P16395 (44.2%), B0FL73 (44.0%), P08911 (44.0%), Q920H4 (44.0%), P15823 (43.8%), P18841 (43.8%), Q8MI13 (43.8%), O70528 (43.6%), Q9GZN0 (43.5%), Q9EPB7 (43.5%), Q28044 (43.0%), P97288 (42.9%), Q6Q253 (42.9%), Q9GZQ6 (42.9%), P35462 (42.1%), P52703 (42.1%), P18762 (41.8%), P04274 (41.8%), P10608 (41.8%), P21917 (41.0%), P43140 (41.0%), P35348 (41.0%), P18130 (41.0%), Q9TSW7 (41.0%), P25100 (40.8%), P23944 (40.8%), P97714 (40.8%), P54833 (40.5%), P07550 (40.5%), Q13639 (40.4%), Q62758 (40.2%), Q9ERZ3 (40.0%), P20309 (40.0%), P50406 (39.7%), P0C0L6 (39.4%), Q64264 (39.3%), P12657 (39.3%), P11229 (39.3%), P25021 (39.2%), Q28524 (39.0%), Q8BZP8 (38.7%), P31388 (38.5%), Q9EPB7 (38.5%), P13945 (38.4%), Q8K4Z4 (38.3%), Q8HZ64 (38.3%), P30939 (38.2%), P26255 (38.2%), A0A286XTF2 (38.1%), Q6W5P4 (38.0%), P25102 (38.0%), P47747 (38.0%), Q7TQN8 (37.9%), Q7TQP3 (37.9%), P30729 (37.8%), P51436 (37.8%), P33533 (37.7%), P41143 (37.7%), F7HEV7 (37.7%), P32300 (37.7%), G7Q3P2 (37.7%), P47901 (37.7%), Q9NG02 (37.7%), P25962 (37.7%), Q02284 (37.5%), P30940 (37.3%), Q9R1C8 (37.2%), P30994 (37.2%), Q91ZY1 (37.1%), P28335 (37.0%), Q60F97 (37.0%), Q4VQ11 (37.0%), O02662 (37.0%), P47898 (37.0%), Q91ZY3 (36.9%), O14804 (36.9%), P35365 (36.8%), P30542 (36.8%), P04201 (36.8%), E1BKU0 (36.7%), A0A1U8CD06 (36.7%), P97520 (36.6%), O08858 (36.5%), P30938 (36.5%), Q8TDV5 (36.5%), P41595 (36.5%), P35406 (36.5%), P34969 (36.5%), Q969V1 (36.4%), P28647 (36.4%), Q60484 (36.3%), P47748 (36.2%), P35377 (36.2%), P35370 (36.2%), Q9ERZ3 (36.2%), P48974 (36.1%), P33534 (36.0%), P34975 (36.0%), Q61224 (35.9%), F1N083 (35.9%), P28190 (35.9%), P08911 (35.9%), P46616 (35.8%), Q60613 (35.8%), P32305 (35.7%), P32304 (35.7%), P50407 (35.7%), O35379 (35.7%), P25099 (35.7%), Q60612 (35.6%), P34970 (35.6%), P29274 (35.4%), P30543 (35.4%), P30994 (35.4%), P28221 (35.4%), Q4QXU5 (35.4%), P28565 (35.4%), P08909 (35.4%), P34968 (35.4%), P47745 (35.3%), P14842 (35.3%), P35363 (35.3%), P28223 (35.3%), O46635 (35.3%), P50129 (35.3%), P50128 (35.3%), P18901 (35.3%), P21728 (35.3%), P50130 (35.3%), Q95136 (35.3%), Q61616 (35.3%), P20309 (35.2%), P41144 (35.0%), Q9EP86 (35.0%), E1BKU0 (35.0%), Q9GZN0 (34.9%), P30940 (34.8%), Q02284 (34.8%), Q80T02 (34.8%), P29275 (34.7%), Q920H4 (34.7%), Q96LB2 (34.7%), Q61618 (34.7%), P35342 (34.6%), P34970 (34.6%), P08908 (34.6%), G3I1B6 (34.6%), P47747 (34.6%), Q75Z89 (34.5%), P30939 (34.5%), P21918 (34.5%), P41146 (34.5%), A0A8C0THM6 (34.5%), P26255 (34.4%), P30560 (34.4%), Q02152 (34.4%), P28646 (34.4%), P30873 (34.4%), P30872 (34.4%), P49219 (34.3%), P51050 (34.3%), P35364 (34.2%), P30966 (34.2%), Q923Y8 (34.2%), Q923Y9 (34.2%), Q9UIJ5 (34.2%), P28566 (34.2%), P25102 (34.2%), Q8BLD9 (34.1%), P25115 (34.1%), P0DMS8 (34.1%), P35342 (34.1%), B3DH72 (34.0%), O02662 (33.9%), P18825 (33.9%), Q28524 (33.9%), Q5KSK8 (33.8%), P30543 (33.8%), Q60613 (33.8%), P46636 (33.8%), P28566 (33.7%), P25021 (33.7%), P25962 (33.5%), P35348 (33.3%), P79400 (33.3%), P41145 (33.3%), P30542 (33.3%), P47745 (33.3%), O02667 (33.3%), Q0VC81 (33.3%), P70536 (33.3%), O95977 (33.3%), P35365 (33.2%), P28334 (33.1%), P28564 (33.1%), O08892 (33.1%), Q02152 (33.1%), P18825 (33.1%), Q64264 (33.0%), P29274 (33.0%), P18130 (33.0%), P32304 (33.0%), P34969 (33.0%), Q9Y2T5 (32.9%), O00398 (32.9%), P13945 (32.8%), Q62463 (32.8%), Q96RJ0 (32.7%), Q61125 (32.5%), Q9TSW7 (32.5%), P28646 (32.4%), P30873 (32.4%), P30872 (32.4%), P49288 (32.4%), P49286 (32.4%), O02824 (32.3%), P97266 (32.3%), P46616 (32.2%), P29276 (32.2%), Q60614 (32.2%), P29275 (32.2%), Q13639 (32.2%), P49892 (32.2%), P21917 (32.2%), P30098 (32.2%), Q9NS75 (32.2%), P07550 (32.1%), Q865E1 (32.1%), Q9Y5N1 (32.1%), P49684 (32.1%), Q4VQ11 (32.1%), P25099 (32.1%), Q60612 (32.1%), P28190 (32.1%), P49892 (32.1%), Q533H1 (32.0%), P97583 (31.9%), O70528 (31.9%), P16177 (31.7%), P30935 (31.7%), P30936 (31.7%), P43140 (31.7%), Q9BZJ6 (31.6%), Q6R6I7 (31.6%), Q2NNR4 (31.6%), Q28044 (31.6%), P16395 (31.6%), Q8WXD0 (31.6%), P50406 (31.4%), P48039 (31.4%), P30555 (31.4%), Q2WGM0 (31.4%), P29371 (31.4%), P22086 (31.3%), Q01337 (31.3%), O75388 (31.3%), P28335 (31.3%), P34968 (31.2%), Q9JI35 (31.2%), P58406 (31.2%), Q9QYN8 (31.2%), Q9NG02 (31.2%), P97718 (31.2%), Q865E1 (31.2%), Q9Y5N1 (31.2%), Q6R6I6 (31.2%), Q9JII9 (31.1%), Q9R1C8 (31.1%), P30874 (31.1%), P30875 (31.1%), P30680 (31.1%), P97926 (31.1%), P30559 (31.1%), P25116 (31.1%), P22086 (31.1%), Q01337 (31.1%), P97718 (31.0%), O02824 (31.0%), P32305 (31.0%), P31388 (31.0%), Q8BFU7 (31.0%), Q9Z2J6 (31.0%), P97288 (31.0%), P08909 (31.0%), Q1L4E8 (30.9%), P29276 (30.9%), Q99500 (30.9%), O00421 (30.9%), P04274 (30.8%), Q62758 (30.8%), P30559 (30.8%), Q9H3N8 (30.8%), P18901 (30.8%), Q8K4Z4 (30.8%), P25929 (30.8%), P21555 (30.8%), Q8VH27 (30.7%), Q91ZY1 (30.7%), B3DH72 (30.7%), G7PWB2 (30.7%), Q9BDQ5 (30.7%), P30098 (30.6%), Q9EQD2 (30.6%), P41149 (30.6%), P97926 (30.6%), P50407 (30.5%), P30729 (30.5%), Q4L144 (30.5%), P18762 (30.5%), P41595 (30.5%), Q63931 (30.4%), Q5QD14 (30.4%), Q13304 (30.4%), Q8CGM4 (30.4%), P42866 (30.4%), P33535 (30.4%), P79350 (30.4%), P35372 (30.4%), P25095 (30.4%), P34976 (30.4%), Q9WV26 (30.4%), G7PWB2 (30.4%), P08482 (30.4%), P08908 (30.4%), P10608 (30.3%), P48303 (30.3%), O08530 (30.3%), P21453 (30.3%), Q6XKD3 (30.3%), P97714 (30.3%), P21728 (30.3%), O60755 (30.3%), Q9HBX9 (30.3%), P47898 (30.2%), Q8VIH9 (30.2%), Q60F97 (30.2%), P28334 (30.2%), Q924H0 (30.1%), Q9JI35 (30.1%), Q01726 (30.1%), Q64326 (30.1%), P08485 (30.1%), P46636 (30.1%), Q8VH25 (30.1%), P35346 (30.0%), Q28309 (30.0%), Q924H0 (30.0%), P48145 (30.0%), P32745 (30.0%), P28336 (30.0%), G3V906 (30.0%), P34972 (30.0%), B8PY99 (30.0%), P49682 (30.0%), P26640 (30.0%)"
Q9Y6L6,high,70.0,2,100.0,"Q9Y6L6 (100.0%), Q9NPD5 (79.9%)"
Q9Y6L6,medium,50.0,2,100.0,"Q9Y6L6 (100.0%), Q9NPD5 (79.9%)"
Q9Y6L6,low,30.0,13,100.0,"Q9Y6L6 (100.0%), Q9NPD5 (79.9%), Q9ERB5 (45.3%), O35913 (43.2%), P46720 (42.5%), P70502 (42.2%), P46721 (42.2%), Q16820 (34.0%), Q92959 (33.8%), Q9EPT5 (33.7%), Q00910 (33.0%), Q9JHI3 (31.4%), O94956 (31.2%)"
Q9NPD5,high,70.0,2,100.0,"Q9NPD5 (100.0%), Q9Y6L6 (79.9%)"
Q9NPD5,medium,50.0,2,100.0,"Q9NPD5 (100.0%), Q9Y6L6 (79.9%)"
Q9NPD5,low,30.0,21,100.0,"Q9NPD5 (100.0%), Q9Y6L6 (79.9%), Q9ERB5 (45.9%), P46720 (43.4%), O35913 (43.1%), P70502 (42.0%), P46721 (40.9%), Q92959 (33.4%), P30994 (33.3%), P20827 (33.3%), Q00910 (33.0%), Q9EPT5 (32.7%), O94956 (32.2%), P24942 (32.1%), Q9H5I1 (31.7%), Q01705 (31.2%), Q9JHI3 (30.5%), P10569 (30.4%), P43003 (30.2%), P48664 (30.2%), Q6ZQN7 (30.1%)"
O94956,high,70.0,2,100.0,"O94956 (100.0%), Q9JHI3 (76.1%)"
O94956,medium,50.0,2,100.0,"O94956 (100.0%), Q9JHI3 (76.1%)"
O94956,low,30.0,12,100.0,"O94956 (100.0%), Q9JHI3 (76.1%), Q9EPT5 (42.9%), Q9UVX3 (42.9%), Q92959 (42.4%), Q00910 (42.4%), Q9NPD5 (32.2%), P49146 (32.0%), Q9Y6L6 (31.4%), P46720 (31.2%), Q9ERB5 (31.0%), P46721 (30.2%)"
P14867,high,70.0,19,100.0,"P14867 (100.0%), P08219 (99.1%), P62812 (98.5%), P62813 (98.5%), P47869 (81.3%), P26048 (81.3%), P23576 (81.3%), P10063 (81.1%), Q8BHJ7 (75.2%), P31644 (75.1%), P19969 (74.4%), P26049 (74.3%), P34903 (74.1%), P20236 (73.5%), P10064 (73.4%), P28471 (72.2%), P48169 (71.3%), Q9D6F4 (70.9%), P20237 (70.6%)"
P14867,medium,50.0,29,100.0,"P14867 (100.0%), P08219 (99.1%), P62812 (98.5%), P62813 (98.5%), P47869 (81.3%), P26048 (81.3%), P23576 (81.3%), P10063 (81.1%), Q8BHJ7 (75.2%), P31644 (75.1%), P19969 (74.4%), P26049 (74.3%), P34903 (74.1%), P20236 (73.5%), P10064 (73.4%), P28471 (72.2%), P48169 (71.3%), Q9D6F4 (70.9%), P20237 (70.6%), Q9JLF1 (65.4%), Q16445 (61.7%), P30191 (59.5%), P63137 (58.6%), P47870 (58.6%), P16305 (58.0%), Q91ZM7 (56.7%), P48169 (51.4%), P28471 (51.4%), Q9D6F4 (51.4%)"
P14867,low,30.0,78,100.0,"P14867 (100.0%), P08219 (99.1%), P62812 (98.5%), P62813 (98.5%), P47869 (81.3%), P26048 (81.3%), P23576 (81.3%), P10063 (81.1%), Q8BHJ7 (75.2%), P31644 (75.1%), P19969 (74.4%), P26049 (74.3%), P34903 (74.1%), P20236 (73.5%), P10064 (73.4%), P28471 (72.2%), P48169 (71.3%), Q9D6F4 (70.9%), P20237 (70.6%), Q9JLF1 (65.4%), Q16445 (61.7%), P30191 (59.5%), P63137 (58.6%), P47870 (58.6%), P16305 (58.0%), Q91ZM7 (56.7%), P48169 (51.4%), P28471 (51.4%), Q9D6F4 (51.4%), Q9ES14 (48.3%), P23574 (48.0%), Q8N1C3 (47.6%), Q9R0Y8 (47.3%), P18508 (46.8%), P22300 (46.7%), P22723 (46.5%), Q75NA5 (45.5%), P78334 (45.4%), A2AMW3 (44.8%), P18507 (44.2%), P27681 (43.8%), P28473 (43.8%), P20237 (43.8%), Q99928 (43.5%), P25786 (42.4%), Q9ES14 (40.9%), A2AMW3 (40.9%), Q75NA5 (39.3%), P63137 (39.2%), P47870 (39.2%), O75311 (39.0%), Q91XP5 (39.0%), Q9UN88 (38.8%), P24524 (38.5%), P18506 (38.4%), P22771 (38.2%), P22933 (38.0%), Q9JLF1 (38.0%), Q91ZM7 (37.7%), P23415 (37.6%), P23416 (37.6%), Q9UN88 (37.3%), Q64018 (36.9%), P07727 (36.9%), Q61603 (36.5%), P63080 (36.4%), P63079 (36.4%), P18505 (36.1%), P15431 (35.8%), P08220 (35.7%), O14764 (35.6%), P50571 (35.0%), P28472 (34.4%), P63138 (33.9%), O09028 (32.7%), P24046 (32.5%), O00591 (32.3%), Q8QZW7 (31.7%)"
